filename|normal|start|end|first|middle|last
V401_Panikhida.txt|Андрей Андреич|167|181|Андрей||Андреич
V401_Panikhida.txt|Матвей|101|107|Матвей||
V401_Panikhida.txt|Лопухов|190|198|||Лопухов
V401_Panikhida.txt|Григорий|413|421|Григорий||
V401_Panikhida.txt|Андрей Андреич|0|14|Андрей||Андреич
V401_Panikhida.txt|Григорий|80|88|Григорий||
V401_Panikhida.txt|Лавочник|0|8|||Лавочник
V401_Panikhida.txt|Григорий|51|59|Григорий||
V401_Panikhida.txt|Андрей Андреич|2|16|Андрей||Андреич
V401_Panikhida.txt|Григорий|7|15|Григорий||
V401_Panikhida.txt|Андрей Андреич|84|101|Андрей||Андреич
V401_Panikhida.txt|Лавочник|0|8|||Лавочник
V401_Panikhida.txt|Григорий|90|98|Григорий||
V401_Panikhida.txt|Андрей Андреич|30|44|Андрей||Андреич
V401_Panikhida.txt|Григорий|34|42|Григорий||
V401_Panikhida.txt|Лавочник|0|8|||Лавочник
V401_Panikhida.txt|Григорий|51|59|Григорий||
V401_Panikhida.txt|Андрей|299|305|Андрей||
V401_Panikhida.txt|Андрей Андреич|74|88|Андрей||Андреич
V401_Panikhida.txt|Андрей Андреич|106|121|Андрей||Андреич
V401_Panikhida.txt|Григорий|106|114|Григорий||
V401_Panikhida.txt|Иоанн|244|250|Иоанн||
V401_Panikhida.txt|Пелагеи|265|272|Пелагеи||
V401_Panikhida.txt|Егор-воин|275|286|Егор||
V401_Panikhida.txt|Павел|299|304|Павел||
V401_Panikhida.txt|Григорий|33|41|Григорий||
V401_Panikhida.txt|Андрей Андреич|0|14|Андрей||Андреич
V401_Panikhida.txt|Матвей|132|138|Матвей||
V401_Panikhida.txt|Андрей Андреич|85|100|Андрей||Андреич
V401_Panikhida.txt|Матвей|114|120|Матвей||
V401_Panikhida.txt|Митька|167|173|Митька||
V401_Panikhida.txt|Дьячок|195|201|||Дьячок
V401_Panikhida.txt|Машутку|367|374|Машутку||
V401_Panikhida.txt|Чечевица Исава|1364|1378|Исава||Чечевица
V401_Panikhida.txt|Содом|1387|1393|||Содом
V401_Panikhida.txt|Машутка|79|86|Машутка||
V401_Panikhida.txt|Андрей Андреич|66|80|Андрей||Андреич
V401_Panikhida.txt|Андрей Андреич|44|58|Андрей||Андреич
V401_Panikhida.txt|Андрей Андреич|0|14|Андрей||Андреич
V401_Panikhida.txt|Мария|63|68|Мария||
V401_Panikhida.txt|Григорий|145|153|Григорий||
V401_Panikhida.txt|Митька|255|261|Митька||
V402_Glupyi_francuz.txt|Гинц|23|27|||Гинц
V402_Glupyi_francuz.txt|Генри Пуркуа|30|42|Генри||Пуркуа
V402_Glupyi_francuz.txt|Тестова|72|79|||Тестова
V402_Glupyi_francuz.txt|Франсуа|175|182|Франсуа||
V402_Glupyi_francuz.txt|Подашь|2|8|||Подашь
V402_Glupyi_francuz.txt|Не-ет|2|7|||Не
V402_Glupyi_francuz.txt|Франсуа|141|148|Франсуа||
V403_Bliny.txt|Егорку|226|232|Егорку||
V403_Bliny.txt|Матрена|24|31|Матрена||
V403_Bliny.txt|Матрену|48|55|Матрену||
V403_Bliny.txt|Матрена|2|9|Матрена||
V403_Bliny.txt|Егорк|122|128|Егорк||
V404_O_brennosti_(Ma.txt|Семен Петрович Подтыкин|19|42|Семен|Петрович|Подтыкин
V404_O_brennosti_(Ma.txt|Катя|71|75|Катя||
V404_O_brennosti_(Ma.txt|Семен Петрович|49|63|Семен||Петрович
V404_O_brennosti_(Ma.txt|Засим|313|318|||Засим
V404_O_brennosti_(Ma.txt|Подтыкин|535|543|||Подтыкин
V405_Persona.txt|Миша Набалдашников|41|59|Миша||Набалдашников
V405_Persona.txt|Иван Андреич|449|463|Иван||Андреич
V405_Persona.txt|Нил Кузьмич|60|73|Нил||Кузьмич
V405_Persona.txt|Миша|0|4|Миша||
V405_Persona.txt|Миша|202|206|Миша||
V405_Persona.txt|Нил Кузьмич|337|350|Нил||Кузьмич
V405_Persona.txt|Миша|671|675|Миша||
V405_Persona.txt|Миша|847|851|Миша||
V405_Persona.txt|Нил Кузьмич|985|996|Нил||Кузьмич
V405_Persona.txt|Миша|42|46|Миша||
V405_Persona.txt|Миша|0|4|Миша||
V405_Persona.txt|Кирилл Никанорович Набалдашникова|8|43|Кирилл|Никанорович|Набалдашникова
V405_Persona.txt|Наталия Ивановна|53|69|Наталия||Ивановна
V405_Persona.txt|Подгойский|113|124|||Подгойский
V405_Persona.txt|Миша|78|82|Миша||
V405_Persona.txt|Миша|126|130|Миша||
V405_Persona.txt|Михаил|128|134|Михаил||
V405_Persona.txt|Подгойский|219|229|||Подгойский
V405_Persona.txt|Исписал Миша|0|12|Миша||Исписал
V405_Persona.txt|Миша|188|192|Миша||
V405_Persona.txt|Миша|178|182|Миша||
V405_Persona.txt|Рыжий|0|5|||Рыжий
V405_Persona.txt|Виноват-с|2|11|||с
V405_Persona.txt|Миша|29|33|Миша||
V405_Persona.txt|Миша|25|29|Миша||
V406_K_svedeniu_muzh.txt|Нулин|17|22|Нулин||
V406_K_svedeniu_muzh.txt|Петр Иваныч|10|23|Петр||Иваныч
V406_K_svedeniu_muzh.txt|Петр Иваныч|16|27|Петр||Иваныч
V406_K_svedeniu_muzh.txt|Видал|2|7|||Видал
V406_K_svedeniu_muzh.txt|Петр Иваныч|17|30|Петр||Иваныч
V406_K_svedeniu_muzh.txt|Петр Иваныч|20|33|Петр||Иваныч
V407_Rybe_delo_(Gust.txt|Рыбье|0|5|||Рыбье
V407_Rybe_delo_(Gust.txt|Щука|3|7|||Щука
V407_Rybe_delo_(Gust.txt|Сыта|285|289|||Сыта
V407_Rybe_delo_(Gust.txt|Окунь|3|8|||Окунь
V407_Rybe_delo_(Gust.txt|Ерш|3|6|||Ерш
V407_Rybe_delo_(Gust.txt|Карась|3|9|||Карась
V407_Rybe_delo_(Gust.txt|Лещ|3|6|||Лещ
V408_Ivan_Matveich.txt|Иван Матвеич|0|12|Иван||Матвеич
V408_Ivan_Matveich.txt|Катя|12|16|Катя||
V408_Ivan_Matveich.txt|Петр Данилыч|67|81|Петр||Данилыч
V408_Ivan_Matveich.txt|Иван Матвеич|164|176|Иван||Матвеич
V408_Ivan_Matveich.txt|Иван Матвеич|2|14|Иван||Матвеич
V408_Ivan_Matveich.txt|Иван Матвеич|108|120|Иван||Матвеич
V408_Ivan_Matveich.txt|Иван Матвеич|0|12|Иван||Матвеич
V408_Ivan_Matveich.txt|Иван Матвеич|39|51|Иван||Матвеич
V408_Ivan_Matveich.txt|Иван Матвеич|18|30|Иван||Матвеич
V408_Ivan_Matveich.txt|Иван Матвеич|78|90|Иван||Матвеич
V408_Ivan_Matveich.txt|Иван Матвеич|0|12|Иван||Матвеич
V408_Ivan_Matveich.txt|Иван Матвеич|58|70|Иван||Матвеич
V408_Ivan_Matveich.txt|Иван Матвеич|73|87|Иван||Матвеич
V408_Ivan_Matveich.txt|Иван Матвеич|22|34|Иван||Матвеич
V408_Ivan_Matveich.txt|Иван Матвеич|48|60|Иван||Матвеич
V408_Ivan_Matveich.txt|Иван Матвеич|111|123|Иван||Матвеич
V408_Ivan_Matveich.txt|Горничная|0|9|||Горничная
V408_Ivan_Matveich.txt|Иван Матвеич|79|91|Иван||Матвеич
V408_Ivan_Matveich.txt|Иван Матвеич|199|211|Иван||Матвеич
V408_Ivan_Matveich.txt|Иван Матвеич|39|51|Иван||Матвеич
V408_Ivan_Matveich.txt|Иван Матвеич|0|12|Иван||Матвеич
V408_Ivan_Matveich.txt|Иван Матвеич|69|81|Иван||Матвеич
V408_Ivan_Matveich.txt|Иван Матвеич|32|44|Иван||Матвеич
V408_Ivan_Matveich.txt|Гоголь|1|7|||Гоголь
V408_Ivan_Matveich.txt|Иван Матвеич|2|14|Иван||Матвеич
V408_Ivan_Matveich.txt|Иван Матвеич|73|85|Иван||Матвеич
V408_Ivan_Matveich.txt|Иван Матвеич|52|64|Иван||Матвеич
V408_Ivan_Matveich.txt|Так-с|2|7|||с
V408_Ivan_Matveich.txt|Иван Матвеич|0|12|Иван||Матвеич
V408_Ivan_Matveich.txt|мнеГоголя|16|25|||мнеГоголя
V408_Ivan_Matveich.txt|Иван Матвеич|40|52|Иван||Матвеич
V408_Ivan_Matveich.txt|Иван Матвеич|0|12|Иван||Матвеич
V409_Vedma.txt|Дьячок Савелий Гыкин|18|38|Савелий||Дьячок
V409_Vedma.txt|Гыкин|0|5|||Гыкин
V409_Vedma.txt|Раиса Ниловна|35|48|Раиса||Ниловна
V409_Vedma.txt|Савелий|80|87|Савелий||
V409_Vedma.txt|Дьячок|0|6|||Дьячок
V409_Vedma.txt|Савелий|27|34|Савелий||
V409_Vedma.txt|Савелий|21|28|Савелий||
V409_Vedma.txt|Савелий|76|83|Савелий||
V409_Vedma.txt|Иметельэта|73|83|Иметельэта||
V409_Vedma.txt|Раиса|20|25|Раиса||
V409_Vedma.txt|Савелий|36|43|Савелий||
V409_Vedma.txt|Даниил|270|277|Даниил||
V409_Vedma.txt|Алексей|347|354|Алексей||
V409_Vedma.txt|Дьячок|0|6|||Дьячок
V409_Vedma.txt|Колокольчик|45|57|||Колокольчик
V409_Vedma.txt|Савелий|29|36|Савелий||
V409_Vedma.txt|Дьячок|0|6|||Дьячок
V409_Vedma.txt|Савелий|21|28|Савелий||
V409_Vedma.txt|Савелий|20|27|Савелий||
V409_Vedma.txt|Вон|325|328|||Вон
V409_Vedma.txt|Никодим|147|155|Никодим||
V409_Vedma.txt|Никодим|194|201|Никодим||
V409_Vedma.txt|Савелий|61|68|Савелий||
V409_Vedma.txt|Савелий|34|41|Савелий||
V409_Vedma.txt|Дьячок|0|6|||Дьячок
V409_Vedma.txt|Калиновского|41|53|||Калиновского
V409_Vedma.txt|Степан|9|15|Степан||
V409_Vedma.txt|Вон|56|59|||Вон
V409_Vedma.txt|Савелий|75|82|Савелий||
V409_Vedma.txt|Савелий|381|388|Савелий||
V409_Vedma.txt|Савелий|38|45|Савелий||
V409_Vedma.txt|Никодим|116|123|Никодим||
V409_Vedma.txt|Савелий|21|28|Савелий||
V409_Vedma.txt|Никодим|38|45|Никодим||
V409_Vedma.txt|Савелий|88|95|Савелий||
V409_Vedma.txt|Савелий|0|7|Савелий||
V409_Vedma.txt|Савелий|54|61|Савелий||
V409_Vedma.txt|Савелий|0|7|Савелий||
V409_Vedma.txt|Савелий|43|50|Савелий||
V409_Vedma.txt|Савелий|0|7|Савелий||
V409_Vedma.txt|Савелий|0|7|Савелий||
V409_Vedma.txt|Савелий|94|101|Савелий||
V409_Vedma.txt|Савелий|68|75|Савелий||
V409_Vedma.txt|Савелий|241|248|Савелий||
V409_Vedma.txt|Савелий|16|23|Савелий||
V409_Vedma.txt|Савелий|41|48|Савелий||
V409_Vedma.txt|Савелий|26|33|Савелий||
V409_Vedma.txt|Савелий|100|107|Савелий||
V409_Vedma.txt|Дьячок|0|6|||Дьячок
V409_Vedma.txt|Савелий|426|433|Савелий||
V409_Vedma.txt|Савелий|530|537|Савелий||
V409_Vedma.txt|Савелий|737|744|Савелий||
V409_Vedma.txt|Савелий|60|67|Савелий||
V409_Vedma.txt|Савелий|47|54|Савелий||
V409_Vedma.txt|Никодим|30|38|Никодим||
V409_Vedma.txt|Савелий|154|161|Савелий||
V410_Pervyi_debut_(R.txt|Пятеркин|32|40|Пятеркин||
V410_Pervyi_debut_(R.txt|Пятеркин|15|23|Пятеркин||
V410_Pervyi_debut_(R.txt|Пятеркин|428|436|Пятеркин||
V410_Pervyi_debut_(R.txt|Пятеркин|86|96|Пятеркин||
V410_Pervyi_debut_(R.txt|Лука|90|94|Лука||
V410_Pervyi_debut_(R.txt|Лука|11|15|Лука||
V410_Pervyi_debut_(R.txt|Пятеркин|227|237|Пятеркин||
V410_Pervyi_debut_(R.txt|Здорово|2|9|||Здорово
V410_Pervyi_debut_(R.txt|Луке|40|44|Луке||
V410_Pervyi_debut_(R.txt|Лука|28|32|Лука||
V410_Pervyi_debut_(R.txt|фон Пах|226|233|||фон
V410_Pervyi_debut_(R.txt|Семечкин|254|262|||Семечкин
V410_Pervyi_debut_(R.txt|Пятеркин|273|282|Пятеркин||
V410_Pervyi_debut_(R.txt|Лука|323|327|Лука||
V410_Pervyi_debut_(R.txt|Пятеркин|0|8|Пятеркин||
V410_Pervyi_debut_(R.txt|Фон Пах|0|7|||Фон
V410_Pervyi_debut_(R.txt|Пятеркин|30|39|Пятеркин||
V410_Pervyi_debut_(R.txt|Семечкин|74|83|||Семечкин
V410_Pervyi_debut_(R.txt|Ну-с|2|6|||с
V410_Pervyi_debut_(R.txt|Иванова|135|142|||Иванова
V410_Pervyi_debut_(R.txt|фон Пах|5|12|||фон
V410_Pervyi_debut_(R.txt|Пятеркин|46|54|Пятеркин||
V410_Pervyi_debut_(R.txt|Пятеркин|21|29|Пятеркин||
V410_Pervyi_debut_(R.txt|Лука|29|33|Лука||
V410_Pervyi_debut_(R.txt|Сеня|2|6|Сеня||
V410_Pervyi_debut_(R.txt|Семечкин|35|43|||Семечкин
V410_Pervyi_debut_(R.txt|Лука|14|18|Лука||
V410_Pervyi_debut_(R.txt|фон Пах|30|37|||фон
V410_Pervyi_debut_(R.txt|Лука|39|43|Лука||
V410_Pervyi_debut_(R.txt|фон Пах|40|47|||фон
V410_Pervyi_debut_(R.txt|Семечкин|0|8|||Семечкин
V410_Pervyi_debut_(R.txt|Пятеркин|27|35|Пятеркин||
V410_Pervyi_debut_(R.txt|Лука|138|142|Лука||
V410_Pervyi_debut_(R.txt|Лука|18|22|Лука||
V410_Pervyi_debut_(R.txt|Пятеркин|37|45|Пятеркин||
V410_Pervyi_debut_(R.txt|фон Пах|32|39|||фон
V410_Pervyi_debut_(R.txt|Пятеркин|231|240|Пятеркин||
V410_Pervyi_debut_(R.txt|Пятеркин|0|8|Пятеркин||
V410_Pervyi_debut_(R.txt|Семечкин|26|34|||Семечкин
V410_Pervyi_debut_(R.txt|Брр|78|81|||Брр
V410_Pervyi_debut_(R.txt|Осип Осипыч|99|110|Осип||Осипыч
V410_Pervyi_debut_(R.txt|Лука|129|133|Лука||
V410_Pervyi_debut_(R.txt|Пятеркин|40|48|Пятеркин||
V410_Pervyi_debut_(R.txt|фон Пах|23|30|||фон
V410_Pervyi_debut_(R.txt|Семечкин|36|44|||Семечкин
V410_Pervyi_debut_(R.txt|Пятеркин|72|81|Пятеркин||
V410_Pervyi_debut_(R.txt|Пятеркин|23|31|Пятеркин||
V410_Pervyi_debut_(R.txt|фон Пах|36|43|||фон
V410_Pervyi_debut_(R.txt|Гамлет|199|206|Гамлет||
V410_Pervyi_debut_(R.txt|Пятеркин|72|81|Пятеркин||
V410_Pervyi_debut_(R.txt|фон Пах|42|49|||фон
V410_Pervyi_debut_(R.txt|Пятеркин|0|8|Пятеркин||
V410_Pervyi_debut_(R.txt|фон Пах|25|32|||фон
V410_Pervyi_debut_(R.txt|Голубчик|37|45|||Голубчик
V410_Pervyi_debut_(R.txt|Семечкин|29|37|||Семечкин
V410_Pervyi_debut_(R.txt|Пятеркин|13|22|Пятеркин||
V411_Simulyanty.txt|Генеральша Марфа Петровна Печонкина|0|35|Марфа|Петровна|Генеральша
V411_Simulyanty.txt|Марфа Петровна|373|387|Марфа||Петровна
V411_Simulyanty.txt|Аристарх|446|455|Аристарх||
V411_Simulyanty.txt|Марфа Петровна|0|14|Марфа||Петровна
V411_Simulyanty.txt|Гаврила Груздь|2|16|Гаврила||Груздь
V411_Simulyanty.txt|Гаврила Груздь|27|41|Гаврила||Груздь
V411_Simulyanty.txt|Замухришин|61|71|||Замухришин
V411_Simulyanty.txt|Кузьма Кузьмич|18|32|Кузьма||Кузьмич
V411_Simulyanty.txt|Замухришин|40|50|||Замухришин
V411_Simulyanty.txt|Замухришин|50|60|||Замухришин
V411_Simulyanty.txt|Кузя|1081|1085|Кузя||
V411_Simulyanty.txt|Замухришин|0|10|||Замухришин
V411_Simulyanty.txt|Аристарх|94|103|Аристарх||
V411_Simulyanty.txt|Семенов|302|309|Семенов||
V411_Simulyanty.txt|Кузьма Кузьмич|18|32|Кузьма||Кузьмич
V411_Simulyanty.txt|Кузьма Кузьмич|18|32|Кузьма||Кузьмич
V411_Simulyanty.txt|Замухришин|0|10|||Замухришин
V411_Simulyanty.txt|Аристарх|82|91|Аристарх||
V411_Simulyanty.txt|Замухришину|413|424|||Замухришину
V411_Simulyanty.txt|Р. Семашко|60|70|Р||Семашко
V411_Simulyanty.txt|Аристарх|605|614|Аристарх||
V412_U_telefona.txt|Серафима Петровна|77|94|Серафима||Петровна
V412_U_telefona.txt|Луиза Францовна|108|123|Луиза||Францовна
V412_U_telefona.txt|Душечка|2|9|||Душечка
V412_U_telefona.txt|Павел Андреич|51|64|Павел||Андреич
V412_U_telefona.txt|Катя|77|81|Катя||
V412_U_telefona.txt|Фукс|42|46|||Фукс
V412_U_telefona.txt|Какой Фукс|2|12|||Какой
V412_U_telefona.txt|Тимофей Ваксин|15|30|Тимофей||Ваксин
V412_U_telefona.txt|Вы Сычов|2|10|Сычов||Вы
V412_U_telefona.txt|Серафиме Петровна|23|40|Серафиме||Петровна
V412_U_telefona.txt|Луиза Францовна|45|60|Луиза||Францовна
V412_U_telefona.txt|Сережа|10|16|Сережа||
V412_U_telefona.txt|Павел Андреич|27|40|Павел||Андреич
V412_U_telefona.txt|Авдотью Николаевну|147|165|Авдотью||Николаевну
V412_U_telefona.txt|Сережин|0|7|Сережин||
V413_Detvora.txt|Надя|18|22|Надя||
V413_Detvora.txt|Гриша|147|152|Гриша||
V413_Detvora.txt|Аня|155|158|Аня||
V413_Detvora.txt|Алеша|161|166|Алеша||
V413_Detvora.txt|Соня|169|173|Соня||
V413_Detvora.txt|Андрей|189|195|Андрей||
V413_Detvora.txt|Няня Агафья Ивановна|860|880|Агафья|Ивановна|Няня
V413_Detvora.txt|Вася|944|948|Вася||
V413_Detvora.txt|Гриша|56|61|Гриша||
V413_Detvora.txt|Аня|672|675|Аня||
V413_Detvora.txt|Соня|195|199|Соня||
V413_Detvora.txt|Алеша|461|466|Алеша||
V413_Detvora.txt|Аня|1067|1070|Аня||
V413_Detvora.txt|Андрей|1101|1107|Андрей||
V413_Detvora.txt|Соня|40|44|Соня||
V413_Detvora.txt|Алеша|47|52|Алеша||
V413_Detvora.txt|Семен Семенычем|222|237|Семен||Семенычем
V413_Detvora.txt|Гриша|25|30|Гриша||
V413_Detvora.txt|Аня|0|3|Аня||
V413_Detvora.txt|Андрей|15|21|Андрей||
V413_Detvora.txt|Гриша|29|34|Гриша||
V413_Detvora.txt|Семен Семеныч|39|52|Семен||Семеныч
V413_Detvora.txt|Прусак|2|8|||Прусак
V413_Detvora.txt|Соня|33|37|Соня||
V413_Detvora.txt|Алеша|30|35|Алеша||
V413_Detvora.txt|Соня|0|4|Соня||
V413_Detvora.txt|Гриша|32|37|Гриша||
V413_Detvora.txt|Аня|64|67|Аня||
V413_Detvora.txt|Соня|34|38|Соня||
V413_Detvora.txt|Гриша|22|27|Гриша||
V413_Detvora.txt|Соню|52|56|Соню||
V413_Detvora.txt|Гриша|36|41|Гриша||
V413_Detvora.txt|Соню|125|129|Соню||
V413_Detvora.txt|Аня|34|37|Аня||
V413_Detvora.txt|Филипп Филиппыч|57|72|Филипп||Филиппыч
V413_Detvora.txt|Гриша|26|31|Гриша||
V413_Detvora.txt|Андрей|0|6|Андрей||
V413_Detvora.txt|Гриша|26|31|Гриша||
V413_Detvora.txt|Филипп Филиппыч|25|40|Филипп||Филиппыч
V413_Detvora.txt|Соня|54|58|Соня||
V413_Detvora.txt|Гриша|30|35|Гриша||
V413_Detvora.txt|Кухаркин|0|8|||Кухаркин
V413_Detvora.txt|Гриша|30|35|Гриша||
V413_Detvora.txt|Андрей|0|6|Андрей||
V413_Detvora.txt|Соня|32|36|Соня||
V413_Detvora.txt|Аня|36|39|Аня||
V413_Detvora.txt|Андрей|47|53|Андрей||
V413_Detvora.txt|Соня|60|64|Соня||
V413_Detvora.txt|Андрей|103|109|Андрей||
V413_Detvora.txt|Алеша|46|51|Алеша||
V413_Detvora.txt|Андрей|0|6|Андрей||
V413_Detvora.txt|Алеша|35|40|Алеша||
V413_Detvora.txt|Алеша|52|57|Алеша||
V413_Detvora.txt|Андрей|151|157|Андрей||
V413_Detvora.txt|Соня|218|222|Соня||
V413_Detvora.txt|Алеша|475|480|Алеша||
V413_Detvora.txt|Вася|18|22|Вася||
V413_Detvora.txt|Гриша|44|49|Гриша||
V413_Detvora.txt|Гриша|47|52|Гриша||
V413_Detvora.txt|Гриша|0|5|Гриша||
V413_Detvora.txt|Вася|31|35|Вася||
V413_Detvora.txt|Вася|0|4|Вася||
V413_Detvora.txt|Вася|2|6|Вася||
V413_Detvora.txt|Соня|42|46|Соня||
V413_Detvora.txt|Аня|50|53|Аня||
V413_Detvora.txt|Копейка|2|9|||Копейка
V413_Detvora.txt|Гриша|35|40|Гриша||
V413_Detvora.txt|Вася|178|182|Вася||
V413_Detvora.txt|Гриша|202|207|Гриша||
V413_Detvora.txt|Гриша|239|244|Гриша||
V413_Detvora.txt|Соня|2|6|Соня||
V413_Detvora.txt|Алеша|24|29|Алеша||
V413_Detvora.txt|Соня|0|4|Соня||
V413_Detvora.txt|Аня|44|47|Аня||
V413_Detvora.txt|Соня|113|117|Соня||
V413_Detvora.txt|Алеша|142|147|Алеша||
V413_Detvora.txt|Гриша|182|187|Гриша||
V413_Detvora.txt|Аня|190|193|Аня||
V413_Detvora.txt|Андрей|246|252|Андрей||
V414_Nalim.txt|Герасим|259|266|Герасим||
V414_Nalim.txt|Герасим|476|484|Герасим||
V414_Nalim.txt|Любим|518|523|||Любим
V414_Nalim.txt|Герасим|606|613|Герасим||
V414_Nalim.txt|Герасим|66|73|Герасим||
V414_Nalim.txt|Герасим|24|31|Герасим||
V414_Nalim.txt|Герасим|39|47|Герасим||
V414_Nalim.txt|Горбач|0|6|||Горбач
V414_Nalim.txt|Любим|44|49|||Любим
V414_Nalim.txt|Герасим|34|42|Герасим||
V414_Nalim.txt|Во-от|2|7|||Во
V414_Nalim.txt|Любим|26|31|||Любим
V414_Nalim.txt|Герасим|59|66|Герасим||
V414_Nalim.txt|Герасим|223|230|Герасим||
V414_Nalim.txt|Любящие|233|238|||Любящие
V414_Nalim.txt|Ефим|95|101|Ефим||
V414_Nalim.txt|Любима|46|52|||Любима
V414_Nalim.txt|Ефим|32|36|Ефим||
V414_Nalim.txt|Налима|2|8|||Налима
V414_Nalim.txt|Ефим|0|4|Ефим||
V414_Nalim.txt|Ефим|0|4|Ефим||
V414_Nalim.txt|Андрей Андреич|89|103|Андрей||Андреич
V414_Nalim.txt|Ры|2|4|||Ры
V414_Nalim.txt|Ефим|34|38|Ефим||
V414_Nalim.txt|Бу|2|4|||Бу
V414_Nalim.txt|Герасим|35|42|Герасим||
V414_Nalim.txt|Налим|2|7|||Налим
V414_Nalim.txt|Василий|2|9|Василий||
V414_Nalim.txt|Василий|16|23|Василий||
V414_Nalim.txt|Василий|0|7|Василий||
V414_Nalim.txt|Ефим|80|84|Ефим||
V414_Nalim.txt|Андрей Андреич|12|26|Андрей||Андреич
V414_Nalim.txt|Герасим|53|60|Герасим||
V414_Nalim.txt|Пальцев-то|2|12|||Пальцев
V414_Nalim.txt|Ефим|98|102|Ефим||
V414_Nalim.txt|Коряга|0|6|||Коряга
V414_Nalim.txt|Андрей Андреич|44|58|Андрей||Андреич
V414_Nalim.txt|Тащу|2|6|||Тащу
V414_Nalim.txt|Ефим|27|31|Ефим||
V414_Nalim.txt|Налим|0|5|||Налим
V415_Otkrytie.txt|Петух|23|28|||Петух
V415_Otkrytie.txt|Бахромкин|26|35|||Бахромкин
V415_Otkrytie.txt|Бахромкину|387|397|||Бахромкину
V415_Otkrytie.txt|Бахромкин|24|33|||Бахромкин
V415_Otkrytie.txt|Бахромкин|30|39|||Бахромкин
V415_Otkrytie.txt|Бахромкин|40|49|||Бахромкин
V415_Otkrytie.txt|Бахромкин|14|23|||Бахромкин
V415_Otkrytie.txt|Бахромкин|6|15|||Бахромкин
V415_Otkrytie.txt|Бахромкин|132|141|||Бахромкин
V415_Otkrytie.txt|Огонек|561|567|||Огонек
V415_Otkrytie.txt|Бахромкин|30|39|||Бахромкин
V415_Otkrytie.txt|Бахромкин|16|25|||Бахромкин
V415_Otkrytie.txt|Бахромкин|40|49|||Бахромкин
V415_Otkrytie.txt|Бахромкин|23|32|||Бахромкин
V415_Otkrytie.txt|Лакей|72|77|||Лакей
V415_Otkrytie.txt|Фидия|77|82|Фидия||
V415_Otkrytie.txt|плохТредьяковский|123|140|||плохТредьяковский
V415_Otkrytie.txt|Анна|392|396|Анна||
V415_Otkrytie.txt|Станислав|399|409|Станислав||
V415_Otkrytie.txt|Лакей|0|5|||Лакей
V416_Samyi_bolshoi_g.txt|Тим|49|52|Тим||
V416_Samyi_bolshoi_g.txt|Тим|2|5|Тим||
V416_Samyi_bolshoi_g.txt|Ти... Тим|2|11|||Ти
V416_Samyi_bolshoi_g.txt|Возница|145|152|||Возница
V416_Samyi_bolshoi_g.txt|Тим|2|5|Тим||
V417_Iz_vospominanii.txt|Софья Павловна Книгина|43|66|Софья|Павловна|Книгина
V417_Iz_vospominanii.txt|Книгиной|231|239|Книгиной||
V417_Iz_vospominanii.txt|Книгиной|89|97|Книгиной||
V417_Iz_vospominanii.txt|Гамлет|178|184|Гамлет||
V417_Iz_vospominanii.txt|Софья Павловна|181|195|Софья||Павловна
V417_Iz_vospominanii.txt|Софья Павловну|341|355|Софья||Павловну
V417_Iz_vospominanii.txt|Софья Павловна|41|55|Софья||Павловна
V417_Iz_vospominanii.txt|Софья Павловна|575|591|Софья||Павловна
V417_Iz_vospominanii.txt|Софья Павловна|165|179|Софья||Павловна
V417_Iz_vospominanii.txt|Соня|127|132|Соня||
V417_Iz_vospominanii.txt|Соня|34|38|Соня||
V417_Iz_vospominanii.txt|Соня|0|4|Соня||
V417_Iz_vospominanii.txt|Соня|171|175|Соня||
V417_Iz_vospominanii.txt|Дудочка|8|15|||Дудочка
V417_Iz_vospominanii.txt|Дудочка|16|23|||Дудочка
V417_Iz_vospominanii.txt|Соня|127|131|Соня||
V418_Toska.txt|Иона Потапов|171|183|Иона||Потапов
V418_Toska.txt|Ион|36|40|Ион||
V418_Toska.txt|Ион|16|20|Ион||
V418_Toska.txt|Иона|0|4|Иона||
V418_Toska.txt|Извозчик|2|10|||Извозчик
V418_Toska.txt|Иона|0|4|Иона||
V418_Toska.txt|Иона|67|71|Иона||
V418_Toska.txt|Иона|28|32|Иона||
V418_Toska.txt|Дукмасовых|56|66|||Дукмасовых
V418_Toska.txt|Васька|79|86|Васька||
V418_Toska.txt|Ион|21|25|Ион||
V418_Toska.txt|Надежда Петровна|328|344|Надежда||Петровна
V418_Toska.txt|Иона|347|351|Иона||
V418_Toska.txt|Змей Горыныч|111|123|||Змей
V418_Toska.txt|Иона|2|6|Иона||
V418_Toska.txt|Извозчик|2|10|||Извозчик
V418_Toska.txt|Ион|2|6|Ион||
V418_Toska.txt|Иона|162|166|Иона||
V418_Toska.txt|Иона|607|611|Иона||
V418_Toska.txt|Иона|81|85|Иона||
V418_Toska.txt|Иона|199|203|Иона||
V418_Toska.txt|Иона|29|33|Иона||
V418_Toska.txt|Анисья|486|492|Анисья||
V418_Toska.txt|Иона|34|38|Иона||
V418_Toska.txt|Жуешь|2|7|||Жуешь
V418_Toska.txt|Иона|23|27|Иона||
V418_Toska.txt|Кузьма Ионыч|33|46|Кузьма||Ионыч
V419_Perepolokh.txt|Машенька Павлецкая|0|18|Машенька||Павлецкая
V419_Perepolokh.txt|Кушкиных|101|109|||Кушкиных
V419_Perepolokh.txt|Михайло|197|204|Михайло||
V419_Perepolokh.txt|Машенька|45|53|Машенька||
V419_Perepolokh.txt|Машенька|79|87|Машенька||
V419_Perepolokh.txt|Николай Сергеич|140|155|Николай||Сергеич
V419_Perepolokh.txt|Машенька|0|8|Машенька||
V419_Perepolokh.txt|Федосья Васильевна|228|246|Федосья||Васильевна
V419_Perepolokh.txt|Кушкина|28|35|||Кушкина
V419_Perepolokh.txt|Федосья Васильевна|199|217|Федосья||Васильевна
V419_Perepolokh.txt|Николай Сергеич|379|394|Николай||Сергеич
V419_Perepolokh.txt|Машенька|771|779|Машенька||
V419_Perepolokh.txt|Машенька|880|888|Машенька||
V419_Perepolokh.txt|Машенька|1091|1099|Машенька||
V419_Perepolokh.txt|Лиза|2|6|Лиза||
V419_Perepolokh.txt|Лиза|52|56|Лиза||
V419_Perepolokh.txt|Брошку|2|8|||Брошку
V419_Perepolokh.txt|Михайлу|83|90|Михайлу||
V419_Perepolokh.txt|Николай Сергеич|121|136|Николай||Сергеич
V419_Perepolokh.txt|Лиза|15|19|Лиза||
V419_Perepolokh.txt|Машенька|0|8|Машенька||
V419_Perepolokh.txt|Лиза|45|49|Лиза||
V419_Perepolokh.txt|Машенька|0|8|Машенька||
V419_Perepolokh.txt|княжнаТараканова|671|687|||княжнаТараканова
V419_Perepolokh.txt|Машенька|48|56|Машенька||
V419_Perepolokh.txt|Машенька|0|8|Машенька||
V419_Perepolokh.txt|Машеньку|30|38|Машеньку||
V419_Perepolokh.txt|Машенька|0|8|Машенька||
V419_Perepolokh.txt|Федосья Васильевна|131|149|Федосья||Васильевна
V419_Perepolokh.txt|Николай Сергеич|198|213|Николай||Сергеич
V419_Perepolokh.txt|Эстуржон|2|10|Эстуржон||
V419_Perepolokh.txt|Феня|7|11|Феня||
V419_Perepolokh.txt|Николай Сергеич|49|64|Николай||Сергеич
V419_Perepolokh.txt|Федосья Васильевна|0|18|Федосья||Васильевна
V419_Perepolokh.txt|Мамиков|55|62|Мамиков||
V419_Perepolokh.txt|Машеньке|31|39|Машеньке||
V419_Perepolokh.txt|Николай Сергеич|30|45|Николай||Сергеич
V419_Perepolokh.txt|Федосья Васильевна|47|65|Федосья||Васильевна
V419_Perepolokh.txt|Феня|9|13|Феня||
V419_Perepolokh.txt|Феня|36|40|Феня||
V419_Perepolokh.txt|Николай Сергеич|0|15|Николай||Сергеич
V419_Perepolokh.txt|Федосья Васильевна|156|174|Федосья||Васильевна
V419_Perepolokh.txt|Машенька|282|290|Машенька||
V419_Perepolokh.txt|Машенька|213|221|Машенька||
V419_Perepolokh.txt|Федосья Васильевна|310|328|Федосья||Васильевна
V419_Perepolokh.txt|Машенька|494|502|Машенька||
V419_Perepolokh.txt|Николай Сергеич|35|50|Николай||Сергеич
V419_Perepolokh.txt|Николай Сергеич|25|40|Николай||Сергеич
V419_Perepolokh.txt|Машенька|0|8|Машенька||
V419_Perepolokh.txt|Николай Сергеич|44|59|Николай||Сергеич
V419_Perepolokh.txt|Машенька|0|8|Машенька||
V419_Perepolokh.txt|Николай Сергеич|41|56|Николай||Сергеич
V419_Perepolokh.txt|Машенька|0|8|Машенька||
V419_Perepolokh.txt|Гм|2|4|||Гм
V419_Perepolokh.txt|Николай Сергеич|0|15|Николай||Сергеич
V419_Perepolokh.txt|Николай Сергеич|10|25|Николай||Сергеич
V419_Perepolokh.txt|Машенька|54|62|Машенька||
V419_Perepolokh.txt|Машенька|0|8|Машенька||
V419_Perepolokh.txt|Николай Сергеич|40|55|Николай||Сергеич
V419_Perepolokh.txt|Машенька|0|8|Машенька||
V419_Perepolokh.txt|Николай Сергеич|40|55|Николай||Сергеич
V419_Perepolokh.txt|Машенька|0|8|Машенька||
V419_Perepolokh.txt|Николай Сергеич|184|202|Николай||Сергеич
V419_Perepolokh.txt|Николай Сергеич|37|52|Николай||Сергеич
V419_Perepolokh.txt|Марья Андреевна|175|190|Марья||Андреевна
V419_Perepolokh.txt|Машенька|17|25|Машенька||
V419_Perepolokh.txt|Николай Сергеич|29|44|Николай||Сергеич
V419_Perepolokh.txt|Николай Сергеич|2|17|Николай||Сергеич
V419_Perepolokh.txt|Федосья Васильевна|47|65|Федосья||Васильевна
V419_Perepolokh.txt|Агния|70|75|Агния||
V419_Perepolokh.txt|Николай Сергеич|30|45|Николай||Сергеич
V419_Perepolokh.txt|Николай Сергеич|22|38|Николай||Сергеич
V419_Perepolokh.txt|Машенька|51|59|Машенька||
V420_V_apteke.txt|Егор Алексеич Свойкин|36|57|Егор|Алексеич|Свойкин
V420_V_apteke.txt|Свойкин|880|887|||Свойкин
V420_V_apteke.txt|Свойкин|36|43|||Свойкин
V420_V_apteke.txt|Свойкин|21|28|||Свойкин
V420_V_apteke.txt|Свойкин|0|7|||Свойкин
V420_V_apteke.txt|Свойкину|78|86|||Свойкину
V420_V_apteke.txt|Свойкин|280|287|||Свойкин
V420_V_apteke.txt|Свойкин|59|66|||Свойкин
V420_V_apteke.txt|Свойкин|8|15|||Свойкин
V420_V_apteke.txt|Свойкин|34|41|||Свойкин
V420_V_apteke.txt|Свойкин|47|54|||Свойкин
V420_V_apteke.txt|Свойкин|37|44|||Свойкин
V420_V_apteke.txt|Свойкин|49|57|||Свойкин
V420_V_apteke.txt|Свойкин|0|7|||Свойкин
V420_V_apteke.txt|Гм|2|4|||Гм
V421_Beseda_pyanogo_.txt|Лахматов|74|82|Лахматов||
V421_Beseda_pyanogo_.txt|Лахматов|33|41|Лахматов||
V421_Beseda_pyanogo_.txt|Черт|0|4|||Черт
V421_Beseda_pyanogo_.txt|Лахматов|28|37|Лахматов||
V421_Beseda_pyanogo_.txt|Лахматов|0|8|Лахматов||
V421_Beseda_pyanogo_.txt|Лахматов|131|140|Лахматов||
V422_Loshadinaya_fam.txt|Булдеев|28|36|||Булдеев
V422_Loshadinaya_fam.txt|Петька|458|464|Петька||
V422_Loshadinaya_fam.txt|Булдеева|523|531|Булдеева||
V422_Loshadinaya_fam.txt|Иван Евсеич|532|543|Иван||Евсеич
V422_Loshadinaya_fam.txt|Яков Васильич|95|108|Яков||
V422_Loshadinaya_fam.txt|Алексий|362|369|Алексий||
V422_Loshadinaya_fam.txt|Алеша|9|14|Алеша||
V422_Loshadinaya_fam.txt|Булдеев|26|33|||Булдеев
V422_Loshadinaya_fam.txt|Яков Васильич|158|173|Яков||
V422_Loshadinaya_fam.txt|Яков Васильич|15|30|Яков||
V422_Loshadinaya_fam.txt|Иван Евсеич|0|11|Иван||Евсеич
V422_Loshadinaya_fam.txt|Яков Васильич|25|40|Яков||
V422_Loshadinaya_fam.txt|Кобылин|125|132|Кобылин||
V422_Loshadinaya_fam.txt|Жеребцов|147|155|||Жеребцов
V422_Loshadinaya_fam.txt|Жеребцов|173|181|||Жеребцов
V422_Loshadinaya_fam.txt|Жеребятников|2|14|||Жеребятников
V422_Loshadinaya_fam.txt|Кобелев|55|62|||Кобелев
V422_Loshadinaya_fam.txt|Жеребчиков|34|44|||Жеребчиков
V422_Loshadinaya_fam.txt|Жеребчиков|12|22|||Жеребчиков
V422_Loshadinaya_fam.txt|Кобылкин|22|30|||Кобылкин
V422_Loshadinaya_fam.txt|Коренников|2|12|||Коренников
V422_Loshadinaya_fam.txt|Иван Евсеич|0|11|Иван||Евсеич
V422_Loshadinaya_fam.txt|Приказчик|0|9|||Приказчик
V422_Loshadinaya_fam.txt|Жеребчиков|2|12|||Жеребчиков
V422_Loshadinaya_fam.txt|Кобылянский|100|111|||Кобылянский
V422_Loshadinaya_fam.txt|Конявский|14|23|||Конявский
V422_Loshadinaya_fam.txt|Приказчик|0|10|||Приказчик
V422_Loshadinaya_fam.txt|Табунов|2|9|||Табунов
V422_Loshadinaya_fam.txt|Копытин|35|42|Копытин||
V422_Loshadinaya_fam.txt|Иван Евсеич|23|34|Иван||Евсеич
V422_Loshadinaya_fam.txt|Коненко|84|91|||Коненко
V422_Loshadinaya_fam.txt|Иван Евсеич|130|145|Иван||Евсеич
V422_Loshadinaya_fam.txt|Гнедов|2|8|||Гнедов
V422_Loshadinaya_fam.txt|Меринов|10|17|||Меринов
V422_Loshadinaya_fam.txt|Иван Евсеич|55|66|Иван||Евсеич
V422_Loshadinaya_fam.txt|Иван Евсеич|204|217|Иван||Евсеич
V422_Loshadinaya_fam.txt|Буланов|2|9|Буланов||
V422_Loshadinaya_fam.txt|Иван Евсеич|2|13|Иван||Евсеич
V422_Loshadinaya_fam.txt|Иван Евсеич|0|11|Иван||Евсеич
V422_Loshadinaya_fam.txt|Овсов|225|231|||Овсов
V422_Loshadinaya_fam.txt|На-кося|2|9|||кося
V423_Dva_gazetchika_.txt|Рыбкин|103|110|||Рыбкин
V423_Dva_gazetchika_.txt|Шлепкин|113|120|||Шлепкин
V423_Dva_gazetchika_.txt|Здорово|2|9|||Здорово
V423_Dva_gazetchika_.txt|Рыбкин|25|31|||Рыбкин
V423_Dva_gazetchika_.txt|Шлепкин|23|30|||Шлепкин
V423_Dva_gazetchika_.txt|Рыбкин|0|6|||Рыбкин
V423_Dva_gazetchika_.txt|Шлепкин|40|47|||Шлепкин
V423_Dva_gazetchika_.txt|Рыбкин|49|55|||Рыбкин
V423_Dva_gazetchika_.txt|Румелия|148|155|Румелия||
V423_Dva_gazetchika_.txt|Рыбкин|137|144|||Рыбкин
V424_Na_chuzhbine.txt|Камышев|28|35|Камышев||
V424_Na_chuzhbine.txt|Камышев|227|235|Камышев||
V424_Na_chuzhbine.txt|Камышев|325|333|Камышев||
V424_Na_chuzhbine.txt|Камышев|529|537|Камышев||
V424_Na_chuzhbine.txt|Камышев|0|7|Камышев||
V424_Na_chuzhbine.txt|Иона|307|311|Иона||
V424_Na_chuzhbine.txt|Ион|417|421|Ион||
V424_Na_chuzhbine.txt|Что-о-о|2|9|||о
V424_Na_chuzhbine.txt|Камышев|72|79|Камышев||
V424_Na_chuzhbine.txt|Альфонс Людовикович|13|32|Альфонс||Людовикович
V424_Na_chuzhbine.txt|Камышев|45|52|Камышев||
V424_Na_chuzhbine.txt|Камышев|31|38|Камышев||
V424_Na_chuzhbine.txt|Камышев|31|38|Камышев||
V424_Na_chuzhbine.txt|Камышев|49|57|Камышев||
V424_Na_chuzhbine.txt|Камышев|37|44|Камышев||
V424_Na_chuzhbine.txt|Камышева|56|64|Камышева||
V424_Na_chuzhbine.txt|Лазарь Исакич|153|167|Лазарь||Исакич
V424_Na_chuzhbine.txt|Камышев|46|55|Камышев||
V425_Psikhopaty_(Sce.txt|Семен Алексеич Нянин|20|40|Семен|Алексеич|Нянин
V425_Psikhopaty_(Sce.txt|Гриша|118|123|Гриша||
V425_Psikhopaty_(Sce.txt|Гриша|257|262|Гриша||
V425_Psikhopaty_(Sce.txt|Гриша|55|60|Гриша||
V425_Psikhopaty_(Sce.txt|Нянин|57|62|||Нянин
V425_Psikhopaty_(Sce.txt|Федор Федорыч|71|84|Федор||Федорыч
V425_Psikhopaty_(Sce.txt|Гриша|49|54|Гриша||
V425_Psikhopaty_(Sce.txt|Федор Федорыч|81|96|Федор||Федорыч
V425_Psikhopaty_(Sce.txt|Иван Андреич|344|356|Иван||Андреич
V425_Psikhopaty_(Sce.txt|Гриша|96|101|Гриша||
V425_Psikhopaty_(Sce.txt|Гриша|413|418|Гриша||
V425_Psikhopaty_(Sce.txt|Гриша|31|36|Гриша||
V425_Psikhopaty_(Sce.txt|Федор Федорыч|37|50|Федор||Федорыч
V425_Psikhopaty_(Sce.txt|Гриша|79|84|Гриша||
V425_Psikhopaty_(Sce.txt|Гриша|15|20|Гриша||
V425_Psikhopaty_(Sce.txt|сунешьСеменову|323|337|||сунешьСеменову
V425_Psikhopaty_(Sce.txt|Семен Алексеев Нянин|375|395|Семен||Алексеев
V425_Psikhopaty_(Sce.txt|Нянина|438|444|||Нянина
V425_Psikhopaty_(Sce.txt|Нянина|18|24|||Нянина
V425_Psikhopaty_(Sce.txt|Ивановским|214|224|||Ивановским
V425_Psikhopaty_(Sce.txt|Федор Федорыч|20|33|Федор||Федорыч
V425_Psikhopaty_(Sce.txt|Нянин|0|5|||Нянин
V425_Psikhopaty_(Sce.txt|Гриша|8|13|Гриша||
V426_Ryazhenye.txt|Адели|364|369|Адели||
V426_Ryazhenye.txt|сСарду|207|213|сСарду||
V426_Ryazhenye.txt|Тургенев|525|533|||Тургенев
V427_Sapogi.txt|Муркин|24|30|||Муркин
V427_Sapogi.txt|Семен|2|7|Семен||
V427_Sapogi.txt|Семен|11|16|Семен||
V427_Sapogi.txt|Семен|0|5|Семен||
V427_Sapogi.txt|Муркин|20|27|||Муркин
V427_Sapogi.txt|Семен|41|46|Семен||
V427_Sapogi.txt|Афанасий Егорыч|196|211|Афанасий||Егорыч
V427_Sapogi.txt|Муркин|18|24|||Муркин
V427_Sapogi.txt|Муркин|36|42|||Муркин
V427_Sapogi.txt|Шевелицыной|105|116|||Шевелицыной
V427_Sapogi.txt|Семен|51|56|Семен||
V427_Sapogi.txt|Муркин|132|139|||Муркин
V427_Sapogi.txt|Семен|132|137|Семен||
V427_Sapogi.txt|Семен|0|5|Семен||
V427_Sapogi.txt|Павел Александрыч|13|31|Павел||Александрыч
V427_Sapogi.txt|Семен|29|34|Семен||
V427_Sapogi.txt|Шевелицыной|82|93|||Шевелицыной
V427_Sapogi.txt|Павел Александрыч|102|119|Павел||Александрыч
V427_Sapogi.txt|Муркин|29|35|||Муркин
V427_Sapogi.txt|Шевелицыной|114|125|||Шевелицыной
V427_Sapogi.txt|Борода|272|278|||Борода
V427_Sapogi.txt|Бобеш|295|302|Бобеш||
V427_Sapogi.txt|Синяя Борода|18|30|||Синяя
V427_Sapogi.txt|Поосторожней|2|14|||Поосторожней
V427_Sapogi.txt|Синяя Борода|31|43|||Синяя
V427_Sapogi.txt|Синяя Борода|53|65|||Синяя
V427_Sapogi.txt|Того-с|70|76|||Того
V427_Sapogi.txt|Бухтеев|138|146|||Бухтеев
V427_Sapogi.txt|Бобеш|40|45|Бобеш||
V427_Sapogi.txt|Жена-с|2|8|||с
V427_Sapogi.txt|Муркин|32|38|||Муркин
V427_Sapogi.txt|Оне-то|52|58|||то
V427_Sapogi.txt|Блистанова|149|159|||Блистанова
V427_Sapogi.txt|Муркин|413|419|||Муркин
V427_Sapogi.txt|Нисколько-с|2|13|||с
V427_Sapogi.txt|Нет-с|2|7|||с
V427_Sapogi.txt|Муркин|32|38|||Муркин
V427_Sapogi.txt|Бобеш|42|47|Бобеш||
V427_Sapogi.txt|Синяя Борода|28|40|||Синяя
V427_Sapogi.txt|Муркин|351|357|||Муркин
V427_Sapogi.txt|Блистановой|384|395|||Блистановой
V428_Ne_sudba.txt|Гадюкин|34|41|||Гадюкин
V428_Ne_sudba.txt|Шилохвостов|44|55|||Шилохвостов
V428_Ne_sudba.txt|Гадюкин|72|79|||Гадюкин
V428_Ne_sudba.txt|Дублеве|364|371|Дублеве||
V428_Ne_sudba.txt|Шилохвостов|67|78|||Шилохвостов
V428_Ne_sudba.txt|Гадюкин|26|33|||Гадюкин
V428_Ne_sudba.txt|Шилохвостов|0|11|||Шилохвостов
V428_Ne_sudba.txt|Онисим|31|37|Онисим||
V428_Ne_sudba.txt|Ульев|357|363|||Ульев
V428_Ne_sudba.txt|Шилохвостов|52|63|||Шилохвостов
V428_Ne_sudba.txt|Гадюкин|201|209|||Гадюкин
V428_Ne_sudba.txt|Гадюкин|3|10|||Гадюкин
V428_Ne_sudba.txt|Шилохвостов|58|69|||Шилохвостов
V428_Ne_sudba.txt|Кабак|244|249|||Кабак
V428_Ne_sudba.txt|Гадюкин|74|81|||Гадюкин
V428_Ne_sudba.txt|Мерси|181|186|||Мерси
V428_Ne_sudba.txt|Митька|139|145|Митька||
V428_Ne_sudba.txt|Гадюкин|187|195|||Гадюкин
V428_Ne_sudba.txt|Онисим|214|221|Онисим||
V428_Ne_sudba.txt|Федор|310|316|Федор||
V428_Ne_sudba.txt|Митька|536|542|Митька||
V428_Ne_sudba.txt|Онисим|39|45|Онисим||
V428_Ne_sudba.txt|Онисим|111|117|Онисим||
V428_Ne_sudba.txt|Шилохвостов|23|34|||Шилохвостов
V428_Ne_sudba.txt|Бричка|0|6|||Бричка
V428_Ne_sudba.txt|Шилохвостов|29|40|||Шилохвостов
V428_Ne_sudba.txt|Митька|371|377|Митька||
V428_Ne_sudba.txt|Шилохвостов|0|11|||Шилохвостов
V428_Ne_sudba.txt|Шилохвостов|0|11|||Шилохвостов
V428_Ne_sudba.txt|Митька|57|63|Митька||
V429_Anuta.txt|Степан Клочков|103|117|Степан||Клочков
V429_Anuta.txt|Анюта|77|82|Анюта||
V429_Anuta.txt|Клочков|50|57|||Клочков
V429_Anuta.txt|Анюта|184|189|Анюта||
V429_Anuta.txt|Клочков|56|63|||Клочков
V429_Anuta.txt|Клочков|0|7|||Клочков
V429_Anuta.txt|Анюты|45|50|Анюты||
V429_Anuta.txt|Анюта|0|5|Анюта||
V429_Anuta.txt|Клочков|35|42|||Клочков
V429_Anuta.txt|Анюты|138|143|Анюты||
V429_Anuta.txt|Анюта|164|169|Анюта||
V429_Anuta.txt|Клочков|28|35|||Клочков
V429_Anuta.txt|Анюта|37|42|Анюта||
V429_Anuta.txt|Клочков|71|78|||Клочков
V429_Anuta.txt|Клочков|309|316|||Клочков
V429_Anuta.txt|Клочков|479|487|||Клочков
V429_Anuta.txt|Анюта|0|5|Анюта||
V429_Anuta.txt|Фетисов|69|76|||Фетисов
V429_Anuta.txt|Клочков|48|56|||Клочков
V429_Anuta.txt|Клочков|36|43|||Клочков
V429_Anuta.txt|Анюта|56|61|Анюта||
V429_Anuta.txt|Анюта|43|48|Анюта||
V429_Anuta.txt|Анюта|0|5|Анюта||
V429_Anuta.txt|Клочков|29|36|||Клочков
V429_Anuta.txt|Психею|2|8|||Психею
V429_Anuta.txt|Клочков|18|25|||Клочков
V429_Anuta.txt|Анюте|49|54|Анюте||
V429_Anuta.txt|Анюта|17|22|Анюта||
V429_Anuta.txt|Клочков|30|37|||Клочков
V429_Anuta.txt|Анюта|288|293|Анюта||
V429_Anuta.txt|Клочков|35|42|||Клочков
V429_Anuta.txt|Грригорий|2|11|Грригорий||
V430_Neobkhodimoe_pr.txt|Варя|9|13|Варя||
V430_Neobkhodimoe_pr.txt|Варя|2|6|Варя||
V431_Nechto_sereznoe.txt|Прудон|77|83|Прудон||
V431_Nechto_sereznoe.txt|Иван Иваныч|246|259|Иван||Иваныч
V432_Akterskaya_gibe.txt|Щипцов|27|33|||Щипцов
V432_Akterskaya_gibe.txt|Антрепренер Жуков|291|308|||Жуков
V432_Akterskaya_gibe.txt|Щипцов|408|414|||Щипцов
V432_Akterskaya_gibe.txt|Щипцов|22|28|||Щипцов
V432_Akterskaya_gibe.txt|Сигаев|238|244|Сигаев||
V432_Akterskaya_gibe.txt|Шут Иванович|17|29|||Шут
V432_Akterskaya_gibe.txt|Щипцов|0|6|||Щипцов
V432_Akterskaya_gibe.txt|Сигаев|37|43|Сигаев||
V432_Akterskaya_gibe.txt|Щипцов|0|6|||Щипцов
V432_Akterskaya_gibe.txt|Мишутка|10|17|Мишутка||
V432_Akterskaya_gibe.txt|Щипцов|0|6|||Щипцов
V432_Akterskaya_gibe.txt|Сигаев|34|40|Сигаев||
V432_Akterskaya_gibe.txt|Щипцов|34|40|||Щипцов
V432_Akterskaya_gibe.txt|Митьку|149|155|Митьку||
V432_Akterskaya_gibe.txt|Щипцов|91|98|||Щипцов
V432_Akterskaya_gibe.txt|Брама-Глинский|113|127|Брама||
V432_Akterskaya_gibe.txt|Щипцов|42|49|||Щипцов
V432_Akterskaya_gibe.txt|Щипцов|0|6|||Щипцов
V432_Akterskaya_gibe.txt|Брама-Глинский|0|14|Брама||
V432_Akterskaya_gibe.txt|Гуськовым|68|77|||Гуськовым
V432_Akterskaya_gibe.txt|Брама-Глинский|54|68|Брама||
V432_Akterskaya_gibe.txt|Сашка|318|324|Сашка||
V432_Akterskaya_gibe.txt|Щипцова|46|53|||Щипцова
V432_Akterskaya_gibe.txt|Савойкин|32|41|||Савойкин
V432_Akterskaya_gibe.txt|Щипцов|32|38|||Щипцов
V432_Akterskaya_gibe.txt|Брама-Глинский|0|14|Брама||
V432_Akterskaya_gibe.txt|Цитринниковой|49|62|||Цитринниковой
V432_Akterskaya_gibe.txt|Щипцов|217|223|||Щипцов
V432_Akterskaya_gibe.txt|Коньяк|16|23|||Коньяк
V432_Akterskaya_gibe.txt|Щипцов|46|52|||Щипцов
V432_Akterskaya_gibe.txt|Жуков|300|305|||Жуков
V432_Akterskaya_gibe.txt|Ай|69|71|Ай||
V432_Akterskaya_gibe.txt|Жуков|0|5|||Жуков
V432_Akterskaya_gibe.txt|Адабашев|32|40|Адабашев||
V432_Akterskaya_gibe.txt|Щипцова|115|122|||Щипцова
V432_Akterskaya_gibe.txt|Мифа|14|18|||Мифа
V432_Akterskaya_gibe.txt|Щипцов|0|6|||Щипцов
V432_Akterskaya_gibe.txt|Адабашева|111|120|Адабашева||
V432_Akterskaya_gibe.txt|Евлампий|159|167|Евлампий||
V432_Akterskaya_gibe.txt|Щипцова|260|267|||Щипцова
V432_Akterskaya_gibe.txt|Щипцова|86|93|||Щипцова
V432_Akterskaya_gibe.txt|Засим Риголетто|0|15|||Засим
V432_Akterskaya_gibe.txt|Да-с|2|6|||с
V432_Akterskaya_gibe.txt|Щипцова|85|92|||Щипцова
V432_Akterskaya_gibe.txt|Сигаев|27|33|Сигаев||
V432_Akterskaya_gibe.txt|Щипцов|44|51|||Щипцов
V432_Akterskaya_gibe.txt|Щипцов|32|38|||Щипцов
V432_Akterskaya_gibe.txt|Семен|90|95|Семен||
V432_Akterskaya_gibe.txt|Сигаев|47|53|Сигаев||
V432_Akterskaya_gibe.txt|Щипцова|67|74|||Щипцова
V432_Akterskaya_gibe.txt|Вязьму|277|283|||Вязьму
V432_Akterskaya_gibe.txt|Щипцов|17|23|||Щипцов
V433_V_vagone_(Razgo.txt|Не-ет|2|7|||Не
V433_V_vagone_(Razgo.txt|Нет-с|2|7|||с
V433_V_vagone_(Razgo.txt|Нет-с|2|7|||с
V433_V_vagone_(Razgo.txt|Кондуктор|2|11|||Кондуктор
V433_V_vagone_(Razgo.txt|Егоров|22|28|Егоров||
V433_V_vagone_(Razgo.txt|Фикин|109|115|||Фикин
V433_V_vagone_(Razgo.txt|Хронская-Запятая|337|353|Хронская||
V434_Myslitel.txt|Яшкин|210|216|||Яшкин
V434_Myslitel.txt|Яшкин|258|263|||Яшкин
V434_Myslitel.txt|Яшкин|562|568|||Яшкин
V434_Myslitel.txt|Да-с|2|6|||с
V434_Myslitel.txt|Яшкин|24|29|||Яшкин
V434_Myslitel.txt|Филипп Максимыч|162|177|Филипп||Максимыч
V434_Myslitel.txt|Меринов|180|187|||Меринов
V434_Myslitel.txt|Илья Мартыныч|29|42|Илья||Мартыныч
V434_Myslitel.txt|Яшкин|47|52|||Яшкин
V434_Myslitel.txt|Лекарь|122|128|||Лекарь
V434_Myslitel.txt|Лекарь|225|231|||Лекарь
V434_Myslitel.txt|Иван Фомич|298|308|Иван||Фомич
V434_Myslitel.txt|Яшкин|41|46|||Яшкин
V434_Myslitel.txt|Феона|107|112|Феона||
V434_Myslitel.txt|Яшкин|291|297|||Яшкин
V434_Myslitel.txt|Да-с|2|6|||с
V434_Myslitel.txt|Яшкин|25|30|||Яшкин
V434_Myslitel.txt|Яшкин|41|47|||Яшкин
V434_Myslitel.txt|Да-с|2|6|||с
V434_Myslitel.txt|Яшкин|21|26|||Яшкин
V434_Myslitel.txt|Подходящий Феона|0|14|Феона||Подходящий
V434_Myslitel.txt|Феона|295|300|Феона||
V434_Myslitel.txt|Яшкин|45|50|||Яшкин
V434_Myslitel.txt|Яшкин|51|57|||Яшкин
V434_Myslitel.txt|Яшкин|29|34|||Яшкин
V434_Myslitel.txt|Илья Мартыныч|12|25|Илья||Мартыныч
V434_Myslitel.txt|Феона|75|80|Феона||
V435_Zabludshie.txt|Козявкин|100|108|||Козявкин
V435_Zabludshie.txt|Лаев|111|115|||Лаев
V435_Zabludshie.txt|Козявкин|43|51|||Козявкин
V435_Zabludshie.txt|Голубчик|2|10|||Голубчик
V435_Zabludshie.txt|Петя|13|17|Петя||
V435_Zabludshie.txt|Верочкой|109|117|Верочкой||
V435_Zabludshie.txt|Козявкин|27|35|||Козявкин
V435_Zabludshie.txt|Верочка|105|112|Верочка||
V435_Zabludshie.txt|Алеша|157|162|Алеша||
V435_Zabludshie.txt|Аксинье|315|322|Аксинье||
V435_Zabludshie.txt|Верунчик|443|451|Верунчик||
V435_Zabludshie.txt|Аксинье|530|537|Аксинье||
V435_Zabludshie.txt|Вера|829|833|Вера||
V435_Zabludshie.txt|Вера Степановна|16|31|Вера||Степановна
V435_Zabludshie.txt|Лаев|48|52|||Лаев
V435_Zabludshie.txt|Алеша|142|147|Алеша||
V435_Zabludshie.txt|Лаев|0|4|||Лаев
V435_Zabludshie.txt|Козявкина|29|38|||Козявкина
V435_Zabludshie.txt|Верка|2|7|Верка||
V435_Zabludshie.txt|Лаев|32|36|||Лаев
V435_Zabludshie.txt|Лаев|22|26|||Лаев
V435_Zabludshie.txt|Вера|31|35|Вера||
V435_Zabludshie.txt|Алеша|2|7|Алеша||
V435_Zabludshie.txt|Козявкин|42|50|||Козявкин
V435_Zabludshie.txt|П-подлая|143|151|||подлая
V435_Zabludshie.txt|Лаев|76|80|||Лаев
V435_Zabludshie.txt|Лаев|13|18|||Лаев
V435_Zabludshie.txt|Козявкин|239|247|||Козявкин
V435_Zabludshie.txt|Петр|2|6|Петр||
V435_Zabludshie.txt|Лаев|0|4|||Лаев
V435_Zabludshie.txt|Лаев|12|16|||Лаев
V435_Zabludshie.txt|Козявкин|49|58|||Козявкин
V435_Zabludshie.txt|Лаев|183|188|||Лаев
V435_Zabludshie.txt|Засим|212|217|||Засим
V435_Zabludshie.txt|Козявкин|53|62|||Козявкин
V435_Zabludshie.txt|Козявкин|105|113|||Козявкин
V435_Zabludshie.txt|Лаев|27|31|||Лаев
V435_Zabludshie.txt|Эва|2|5|Эва||
V435_Zabludshie.txt|Хилово|33|39|||Хилово
V435_Zabludshie.txt|Гнилые Выселки|44|58|||Гнилые
V435_Zabludshie.txt|Козявкин|98|107|||Козявкин
V435_Zabludshie.txt|Лаев|37|41|||Лаев
V436_Eger.txt|Егор Власыч|2|13|Егор||Власыч
V436_Eger.txt|Пелагея|13|20|Пелагея||
V436_Eger.txt|Егор Власыч|73|84|Егор||Власыч
V436_Eger.txt|Егор Власыч|17|28|Егор||Власыч
V436_Eger.txt|Пелагея|0|7|Пелагея||
V436_Eger.txt|Егор Власыч|28|39|Егор||Власыч
V436_Eger.txt|Пелагея|0|7|Пелагея||
V436_Eger.txt|Егор Власыч|315|326|Егор||Власыч
V436_Eger.txt|Егор Власыч|329|340|Егор||Власыч
V436_Eger.txt|Егор Власыч|132|143|Егор||Власыч
V436_Eger.txt|Пелагея|16|23|Пелагея||
V436_Eger.txt|Егор...|69|77|Егор||
V436_Eger.txt|Егор|51|55|Егор||
V436_Eger.txt|Пелагея|0|7|Пелагея||
V436_Eger.txt|Пелагея|40|47|Пелагея||
V436_Eger.txt|Егор|20|24|Егор||
V436_Eger.txt|Дмитрий Иваныч|12|27|Дмитрий||Иваныч
V436_Eger.txt|Егор Власыч|26|37|Егор||Власыч
V436_Eger.txt|Егор|37|41|Егор||
V436_Eger.txt|Егор Власыч|13|24|Егор||Власыч
V436_Eger.txt|Пелагея|31|38|Пелагея||
V436_Eger.txt|Егор Власыч|64|75|Егор||Власыч
V436_Eger.txt|Любовь|2|8|Любовь||
V436_Eger.txt|Егор|24|28|Егор||
V436_Eger.txt|Егор Власыч|19|30|Егор||Власыч
V436_Eger.txt|Пелагея|47|54|Пелагея||
V436_Eger.txt|Сергей Павлыч|42|56|Сергей||Павлыч
V436_Eger.txt|Егор|56|60|Егор||
V436_Eger.txt|Акулине|20|27|Акулине||
V436_Eger.txt|Пелагея|60|67|Пелагея||
V436_Eger.txt|Егор|0|4|Егор||
V436_Eger.txt|Егор|0|4|Егор||
V436_Eger.txt|Пелагея|65|72|Пелагея||
V436_Eger.txt|Егор Власыч|12|23|Егор||Власыч
V436_Eger.txt|Егор|0|4|Егор||
V436_Eger.txt|Пелагея|73|80|Пелагея||
V436_Eger.txt|Пелагее|438|445|Пелагее||
V436_Eger.txt|Егор Власыч|12|23|Егор||Власыч
V436_Eger.txt|Егор|286|290|Егор||
V436_Eger.txt|Егор Власыч|12|23|Егор||Власыч
V436_Eger.txt|Пелагея|35|42|Пелагея||
V437_Zloumyshlennik.txt|Денис Григорьев|2|17|Денис||Григорьев
V437_Zloumyshlennik.txt|Иван Семенов Акинфов|136|156|Иван||Семенов
V437_Zloumyshlennik.txt|Акинфов|37|44|Акинфов||
V437_Zloumyshlennik.txt|Денис|51|56|Денис||
V437_Zloumyshlennik.txt|Гайка-то|2|10|||Гайка
V437_Zloumyshlennik.txt|Денис|44|49|Денис||
V437_Zloumyshlennik.txt|Денис|20|25|Денис||
V437_Zloumyshlennik.txt|Денис|0|5|Денис||
V437_Zloumyshlennik.txt|Денис|0|5|Денис||
V437_Zloumyshlennik.txt|Семен|38|44|Семен||
V437_Zloumyshlennik.txt|Митрофан|136|146|Митрофан||
V437_Zloumyshlennik.txt|Митрофан|10|20|Митрофан||
V437_Zloumyshlennik.txt|Митрофан Петров|4|23|Митрофан||Петров
V437_Zloumyshlennik.txt|Невод|46|52|||Невод
V437_Zloumyshlennik.txt|Денис|20|25|Денис||
V437_Zloumyshlennik.txt|Денис|27|32|Денис||
V437_Zloumyshlennik.txt|Денис|0|5|Денис||
V437_Zloumyshlennik.txt|Егор|81|86|Егор||
V437_Zloumyshlennik.txt|Денис|30|35|Денис||
V437_Zloumyshlennik.txt|Кузьма Григорьев|115|131|Кузьма||Григорьев
V437_Zloumyshlennik.txt|Егор Григорьев|146|160|Егор||Григорьев
V437_Zloumyshlennik.txt|Денис Григорьев|166|181|Денис||Григорьев
V437_Zloumyshlennik.txt|Семен|24|29|Семен||
V437_Zloumyshlennik.txt|Денис|28|33|Денис||
V437_Zloumyshlennik.txt|Кузьма|120|126|Кузьма||
V437_Zloumyshlennik.txt|Денис|144|149|Денис||
V438_ZHenikh_i_papen.txt|Петр Петрович Милкин|42|65|Петр|Петрович|Милкин
V438_ZHenikh_i_papen.txt|Милкин|44|50|||Милкин
V438_ZHenikh_i_papen.txt|Кондрашкиных|201|213|||Кондрашкиных
V438_ZHenikh_i_papen.txt|Настенькой Кондрашкиной|274|297|Настенькой||Кондрашкиной
V438_ZHenikh_i_papen.txt|Кондрашкин-папенька|378|397|||Кондрашкин
V438_ZHenikh_i_papen.txt|Кондрашкин|561|572|||Кондрашкин
V438_ZHenikh_i_papen.txt|Милкин|26|32|||Милкин
V438_ZHenikh_i_papen.txt|Кондрашкиных|167|179|||Кондрашкиных
V438_ZHenikh_i_papen.txt|Настенькой|190|200|Настенькой||
V438_ZHenikh_i_papen.txt|Кондрашкин|328|340|||Кондрашкин
V438_ZHenikh_i_papen.txt|Милкин|42|48|||Милкин
V438_ZHenikh_i_papen.txt|Кондрашкин|133|144|||Кондрашкин
V438_ZHenikh_i_papen.txt|Петр Петрович|2|17|Петр||Петрович
V438_ZHenikh_i_papen.txt|Гусевым|134|141|||Гусевым
V438_ZHenikh_i_papen.txt|Настасье Кирилловне|29|48|Настасье||Кирилловне
V438_ZHenikh_i_papen.txt|Милкин|65|71|||Милкин
V438_ZHenikh_i_papen.txt|Кондрашкин|58|68|||Кондрашкин
V438_ZHenikh_i_papen.txt|Кондрашкин|34|44|||Кондрашкин
V438_ZHenikh_i_papen.txt|Позвольте-с|2|13|||с
V438_ZHenikh_i_papen.txt|Кондрашкин|31|41|||Кондрашкин
V438_ZHenikh_i_papen.txt|Настя|115|121|Настя||
V438_ZHenikh_i_papen.txt|Настасья Кирилловна|2|21|Настасья||Кирилловна
V438_ZHenikh_i_papen.txt|Кондрашкин|32|42|||Кондрашкин
V438_ZHenikh_i_papen.txt|Настасьи Кирилловны|32|51|Настасьи||Кирилловны
V438_ZHenikh_i_papen.txt|Ни-ни-ни|2|10|||Ни
V438_ZHenikh_i_papen.txt|Кондрашкин|59|69|||Кондрашкин
V438_ZHenikh_i_papen.txt|Милкин|30|36|||Милкин
V438_ZHenikh_i_papen.txt|Хе-хе-хе|33|41|||Хе
V438_ZHenikh_i_papen.txt|Эка|44|47|Эка||
V438_ZHenikh_i_papen.txt|Кондрашкин|24|34|||Кондрашкин
V438_ZHenikh_i_papen.txt|Сибирь|34|41|||Сибирь
V438_ZHenikh_i_papen.txt|Милкин|0|6|||Милкин
V438_ZHenikh_i_papen.txt|Кондрашкин|23|33|||Кондрашкин
V438_ZHenikh_i_papen.txt|Настенька|60|69|Настенька||
V438_ZHenikh_i_papen.txt|Милкин|36|42|||Милкин
V438_ZHenikh_i_papen.txt|Кирилл Трофимыч|14|29|Кирилл||Трофимыч
V438_ZHenikh_i_papen.txt|Кондрашкин|0|10|||Кондрашкин
V438_ZHenikh_i_papen.txt|Милкин|23|30|||Милкин
V438_ZHenikh_i_papen.txt|Милкин|0|6|||Милкин
V438_ZHenikh_i_papen.txt|Кондрашкин|28|38|||Кондрашкин
V438_ZHenikh_i_papen.txt|Милкин|0|7|||Милкин
V438_ZHenikh_i_papen.txt|Милкин|0|6|||Милкин
V439_Gost_.txt|Зельтерский|23|35|||Зельтерский
V439_Gost_.txt|Зельтерский|145|157|||Зельтерский
V439_Gost_.txt|Зельтерский|237|249|||Зельтерский
V439_Gost_.txt|Перегарин|398|407|||Перегарин
V439_Gost_.txt|Зельтерский|650|661|||Зельтерский
V439_Gost_.txt|Зельтерский|45|56|||Зельтерский
V439_Gost_.txt|Чем-с|2|7|||Чем
V439_Gost_.txt|Клюшкин|92|99|||Клюшкин
V439_Gost_.txt|Ну-с|49|53|||с
V439_Gost_.txt|Клюшкин|91|99|||Клюшкин
V439_Gost_.txt|Зельтерский|189|201|||Зельтерский
V439_Gost_.txt|Перегарин|39|48|||Перегарин
V439_Gost_.txt|Парфений Саввич|144|159|Парфений||Саввич
V439_Gost_.txt|Требьен|232|239|Требьен||
V439_Gost_.txt|Ну-с|272|276|||с
V439_Gost_.txt|Требьен|292|299|Требьен||
V439_Gost_.txt|Перегарин|2|11|||Перегарин
V439_Gost_.txt|Требьена|43|51|Требьена||
V439_Gost_.txt|Парфений Саввич|26|41|Парфений||Саввич
V439_Gost_.txt|Зельтерский|56|67|||Зельтерский
V439_Gost_.txt|Черт|2|6|||Черт
V439_Gost_.txt|Зельтерский|45|56|||Зельтерский
V439_Gost_.txt|Зельтерский|24|35|||Зельтерский
V439_Gost_.txt|Перегарин|48|58|||Перегарин
V439_Gost_.txt|Зельтерский|24|35|||Зельтерский
V439_Gost_.txt|Зельтерский|33|44|||Зельтерский
V439_Gost_.txt|Парфений Саввич|16|31|Парфений||Саввич
V439_Gost_.txt|Зельтерский|0|11|||Зельтерский
V439_Gost_.txt|Валентин Бленский|280|297|Валентин||Бленский
V439_Gost_.txt|Перегарин|39|48|||Перегарин
V439_Gost_.txt|Зельтерский|23|34|||Зельтерский
V439_Gost_.txt|Парфений Саввич|239|254|Парфений||Саввич
V439_Gost_.txt|Измученный Зельтерский|0|22|||Зельтерский
V439_Gost_.txt|Парфений Саввич|2|17|Парфений||Саввич
V439_Gost_.txt|Перегарин|45|54|||Перегарин
V439_Gost_.txt|Зельтерский|33|44|||Зельтерский
V439_Gost_.txt|Перегарин|0|9|||Перегарин
V439_Gost_.txt|Зельтерский|23|35|||Зельтерский
V440_Cinik.txt|Егор Сюсин|73|83|Егор||Сюсин
V440_Cinik.txt|Сюсина|47|53|||Сюсина
V440_Cinik.txt|Чай|2|5|||Чай
V440_Cinik.txt|Сюсин|29|34|||Сюсин
V440_Cinik.txt|Сюсин|338|343|||Сюсин
V440_Cinik.txt|Сюсин|54|59|||Сюсин
V440_Cinik.txt|Сюсин|40|45|||Сюсин
V440_Cinik.txt|Сюсин|0|5|||Сюсин
V440_Cinik.txt|Хо-хо-хо|2|10|||Хо
V440_Cinik.txt|Сюсин|91|96|||Сюсин
V440_Cinik.txt|Сюсин|26|31|||Сюсин
V440_Cinik.txt|Сюсин|28|33|||Сюсин
V440_Cinik.txt|Хо-хо-хо|163|171|||Хо
V440_Cinik.txt|Сюсин|23|28|||Сюсин
V440_Cinik.txt|Сюсин|0|5|||Сюсин
V440_Cinik.txt|Сюсин|154|160|||Сюсин
V441_Moya_ona.txt|Лилю|1229|1233|Лилю||
V441_Moya_ona.txt|Лелю|1236|1240|Лелю||
V441_Moya_ona.txt|Нелли|1243|1248|Нелли||
V442_Novogodnie_veli.txt|Герасим Кузьмич Синклетеев|138|164|Герасим|Кузьмич|Синклетеев
V442_Novogodnie_veli.txt|Николай Михайлыч|71|88|Николай||Михайлыч
V442_Novogodnie_veli.txt|Оттеда|121|127|Оттеда||
V442_Novogodnie_veli.txt|Качалкин|153|162|||Качалкин
V442_Novogodnie_veli.txt|Иван Иваныч|280|293|Иван||Иваныч
V442_Novogodnie_veli.txt|Иван Иваныч|5|18|Иван||Иваныч
V442_Novogodnie_veli.txt|Синклетеев|34|44|Синклетеев||
V442_Novogodnie_veli.txt|Хрымов|57|64|||Хрымов
V442_Novogodnie_veli.txt|Лиходеев|274|283|||Лиходеев
V442_Novogodnie_veli.txt|Пешком-с|2|10|||с
V442_Novogodnie_veli.txt|Лиходеев|28|37|||Лиходеев
V442_Novogodnie_veli.txt|Пелагее Емельяновне|58|77|Пелагее||Емельяновне
V442_Novogodnie_veli.txt|Пелагеи Емельяновны|192|211|Пелагеи||Емельяновны
V442_Novogodnie_veli.txt|Облеухов|220|229|||Облеухов
V442_Novogodnie_veli.txt|Облеухова Василий|234|252|Василий||Облеухова
V442_Novogodnie_veli.txt|Кошкин|135|142|||Кошкин
V442_Novogodnie_veli.txt|Карл Карлычу|2|15|Карл||Карлычу
V442_Novogodnie_veli.txt|Петр Семеныч|34|48|Петр||Семеныч
V442_Novogodnie_veli.txt|Племянница Настя|53|69|Настя||Племянница
V442_Novogodnie_veli.txt|Ляпкин|99|106|||Ляпкин
V442_Novogodnie_veli.txt|Ляпкин|131|138|||Ляпкин
V442_Novogodnie_veli.txt|Дарья Никодимовна|145|162|Дарья||Никодимовна
V442_Novogodnie_veli.txt|Ляпкин|179|186|||Ляпкин
V442_Novogodnie_veli.txt|Иванов|244|251|Иванов||
V442_Novogodnie_veli.txt|Курдюков|254|263|||Курдюков
V442_Novogodnie_veli.txt|Шиллер|266|273|||Шиллер
V442_Novogodnie_veli.txt|Порошкова|292|301|||Порошкова
V442_Novogodnie_veli.txt|Дунькин|347|355|||Дунькин
V442_Novogodnie_veli.txt|Рыжов|508|514|||Рыжов
V442_Novogodnie_veli.txt|Синклетеев|31|41|Синклетеев||
V442_Novogodnie_veli.txt|Кузьма Вавилыч|63|78|Кузьма||Вавилыч
V442_Novogodnie_veli.txt|Наталья Егоровна|106|122|Наталья||Егоровна
V442_Novogodnie_veli.txt|Нужно-с|51|58|||Нужно
V442_Novogodnie_veli.txt|Наталья Егоровна|74|90|Наталья||Егоровна
V442_Novogodnie_veli.txt|Синклетеев|0|10|Синклетеев||
V442_Novogodnie_veli.txt|Ничего-с|2|10|||с
V442_Novogodnie_veli.txt|Синклетеев|39|49|Синклетеев||
V443_Kon_i_trepetnay.txt|Вася|14|18|Вася||
V443_Kon_i_trepetnay.txt|Вася|67|71|Вася||
V443_Kon_i_trepetnay.txt|Катюша|10|16|Катюша||
V443_Kon_i_trepetnay.txt|Вася|196|200|Вася||
V443_Kon_i_trepetnay.txt|Дмитрий Федорыч|224|240|Дмитрий||Федорыч
V443_Kon_i_trepetnay.txt|Вася|335|339|Вася||
V443_Kon_i_trepetnay.txt|Клеопатра Сергеевна|205|224|Клеопатра||Сергеевна
V443_Kon_i_trepetnay.txt|Вася|406|410|Вася||
V443_Kon_i_trepetnay.txt|Вася|295|299|Вася||
V443_Kon_i_trepetnay.txt|Катюша|22|28|Катюша||
V443_Kon_i_trepetnay.txt|Катюша|269|275|Катюша||
V443_Kon_i_trepetnay.txt|Катюши|49|55|Катюши||
V443_Kon_i_trepetnay.txt|Катюша|2|8|Катюша||
V443_Kon_i_trepetnay.txt|Вася|122|126|Вася||
V443_Kon_i_trepetnay.txt|Катюша|2|8|Катюша||
V443_Kon_i_trepetnay.txt|Катюша|2|8|Катюша||
V443_Kon_i_trepetnay.txt|Вася|363|367|Вася||
V443_Kon_i_trepetnay.txt|Сон|59|62|||Сон
V443_Kon_i_trepetnay.txt|Вася|165|169|Вася||
V444_Delec.txt|Иванов|113|120|Иванов||
V444_Delec.txt|Петров|157|164|Петров||
V444_Delec.txt|Дыриной|28|35|Дыриной||
V444_Delec.txt|Пете Сивухин|277|290|Пете||Сивухин
V444_Delec.txt|Оля|365|369|Оля||
V444_Delec.txt|Выбухиной|401|410|||Выбухиной
V444_Delec.txt|Куцын|74|81|||Куцын
V444_Delec.txt|Фунин|9|14|Фунин||
V444_Delec.txt|Елена Михайловну|87|103|Елена||Михайловну
V444_Delec.txt|Скотов|57|64|||Скотов
V444_Delec.txt|Янкель|32|38|Янкель||
V444_Delec.txt|Букашиных|9|18|||Букашиных
V444_Delec.txt|Гусин|2|7|||Гусин
V445_Utoplennik_(Sce.txt|Тирли|2|7|Тирли||
V445_Utoplennik_(Sce.txt|Виват|2|7|||Виват
V445_Utoplennik_(Sce.txt|Гм|2|4|||Гм
V445_Utoplennik_(Sce.txt|Виват|2|7|||Виват
V445_Utoplennik_(Sce.txt|Тони! Тони|2|12|Тони||
V446_Reklama.txt|Иверская|413|421|Иверская||
V447_Svistuny.txt|Алексей Федорович Восьмеркин|0|28|Алексей|Федорович|Восьмеркин
V447_Svistuny.txt|Восьмеркин|43|53|Восьмеркин||
V447_Svistuny.txt|Авдотья|496|503|Авдотья||
V447_Svistuny.txt|Восьмеркин|26|36|Восьмеркин||
V447_Svistuny.txt|Фильку|281|287|||Фильку
V447_Svistuny.txt|Восьмеркин|0|10|Восьмеркин||
V447_Svistuny.txt|Фильке|29|35|||Фильке
V447_Svistuny.txt|Антип|61|66|Антип||
V447_Svistuny.txt|Нешто|95|100|||Нешто
V447_Svistuny.txt|Филька|227|233|||Филька
V447_Svistuny.txt|Антип|27|32|Антип||
V447_Svistuny.txt|Скотница Дуняша|0|15|Дуняша||Скотница
V447_Svistuny.txt|Видал|31|36|||Видал
V447_Svistuny.txt|Дуняша|0|6|Дуняша||
V447_Svistuny.txt|Восьмеркин|66|76|Восьмеркин||
V447_Svistuny.txt|Андрюшка|197|206|Андрюшка||
V447_Svistuny.txt|Андрюшка|233|241|Андрюшка||
V447_Svistuny.txt|Восьмеркин|0|10|Восьмеркин||
V447_Svistuny.txt|Антип|68|73|Антип||
V447_Svistuny.txt|Восьмеркин|50|60|Восьмеркин||
V447_Svistuny.txt|Люба|0|4|Люба||
V447_Svistuny.txt|Восьмеркин|23|33|Восьмеркин||
V447_Svistuny.txt|Петр|71|75|Петр||
V447_Svistuny.txt|Восьмеркин|102|112|Восьмеркин||
V447_Svistuny.txt|Петька|2|8|Петька||
V447_Svistuny.txt|Восьмеркин|21|31|Восьмеркин||
V447_Svistuny.txt|Любку|67|72|Любку||
V448_Otec_semeistva.txt|Степан Степаныч Жилин|97|118|Степан|Степаныч|Жилин
V448_Otec_semeistva.txt|Анфиса|14|20|Анфиса||
V448_Otec_semeistva.txt|Федя|34|38|Федя||
V448_Otec_semeistva.txt|Степан Степаныч|19|34|Степан||Степаныч
V448_Otec_semeistva.txt|Степан Степаныч|58|73|Степан||Степаныч
V448_Otec_semeistva.txt|Жилин|248|253|||Жилин
V448_Otec_semeistva.txt|Черт|2|6|||Черт
V448_Otec_semeistva.txt|Анфиса Ивановна|147|162|Анфиса||Ивановна
V448_Otec_semeistva.txt|Жилин|29|34|||Жилин
V448_Otec_semeistva.txt|Варвара Васильевна|155|173|Варвара||Васильевна
V448_Otec_semeistva.txt|Жилин|228|233|||Жилин
V448_Otec_semeistva.txt|Федя|278|282|Федя||
V448_Otec_semeistva.txt|Жилин|37|42|||Жилин
V448_Otec_semeistva.txt|Анфиса Ивановна|56|71|Анфиса||Ивановна
V448_Otec_semeistva.txt|Жилин|28|33|||Жилин
V448_Otec_semeistva.txt|Анфиса Ивановна|84|99|Анфиса||Ивановна
V448_Otec_semeistva.txt|Жилин|37|42|||Жилин
V448_Otec_semeistva.txt|Варвара Васильевна|22|40|Варвара||Васильевна
V448_Otec_semeistva.txt|Жилин|0|5|||Жилин
V448_Otec_semeistva.txt|Федя|72|76|Федя||
V448_Otec_semeistva.txt|Феде|64|68|Феде||
V448_Otec_semeistva.txt|Жилин|24|29|||Жилин
V448_Otec_semeistva.txt|Анфиса Ивановна|95|110|Анфиса||Ивановна
V448_Otec_semeistva.txt|Федя|151|155|Федя||
V448_Otec_semeistva.txt|Жилин|48|53|||Жилин
V449_Starosta_(Scenk.txt|Шельма|78|84|||Шельма
V449_Starosta_(Scenk.txt|Шельма|0|6|||Шельма
V449_Starosta_(Scenk.txt|Сарру Беккер|243|255|Сарру||Беккер
V449_Starosta_(Scenk.txt|Евдоким Петров|0|14|Евдоким||Петров
V449_Starosta_(Scenk.txt|Евдоким Петров|549|565|Евдоким||Петров
V449_Starosta_(Scenk.txt|Евдоким|1531|1538|Евдоким||
V449_Starosta_(Scenk.txt|Евдоким|2|9|Евдоким||
V449_Starosta_(Scenk.txt|Денис Семеныч|546|559|Денис||Семеныч
V449_Starosta_(Scenk.txt|Евдокимовы|675|685|||Евдокимовы
V449_Starosta_(Scenk.txt|Шельма|0|6|||Шельма
V449_Starosta_(Scenk.txt|Евдоким|223|231|Евдоким||
V449_Starosta_(Scenk.txt|Евдоким|473|480|Евдоким||
V449_Starosta_(Scenk.txt|Староста|532|540|||Староста
V449_Starosta_(Scenk.txt|Евдоким|10|17|Евдоким||
V449_Starosta_(Scenk.txt|Евдоким|163|170|Евдоким||
V449_Starosta_(Scenk.txt|Волостной|41|50|||Волостной
V449_Starosta_(Scenk.txt|Каково-то Евдокиму|195|213|||Каково
V449_Starosta_(Scenk.txt|Христос|282|289|||Христос
V449_Starosta_(Scenk.txt|Евдоким|5|12|Евдоким||
V449_Starosta_(Scenk.txt|Евдокиму|213|221|Евдокиму||
V449_Starosta_(Scenk.txt|Угадай-ка|2|11|||Угадай
V449_Starosta_(Scenk.txt|Шельма|0|6|||Шельма
V449_Starosta_(Scenk.txt|Шельма|0|6|||Шельма
V450_Unter_Prishibee.txt|Унтер Пришибеев|0|15|Пришибеев||Унтер
V450_Unter_Prishibee.txt|Унтер-офицер Пришибеев|2|24|||офицер
V450_Unter_Prishibee.txt|Жигин|111|117|||Жигин
V450_Unter_Prishibee.txt|Ефимов|158|165|Ефимов||
V450_Unter_Prishibee.txt|Иванов|176|183|Иванов||
V450_Unter_Prishibee.txt|Гаврилов|186|195|Гаврилов||
V450_Unter_Prishibee.txt|Пришибеев|0|9|Пришибеев||
V450_Unter_Prishibee.txt|Анфиса|270|277|Анфиса||
V450_Unter_Prishibee.txt|Пришибеев|79|88|Пришибеев||
V450_Unter_Prishibee.txt|Пришибеев|114|123|Пришибеев||
V450_Unter_Prishibee.txt|Слушаю-с|2|10|||с
V450_Unter_Prishibee.txt|Сибирь|1206|1213|||Сибирь
V450_Unter_Prishibee.txt|Жигин|1271|1276|||Жигин
V450_Unter_Prishibee.txt|Ставшее|1459|1464|||Ставшее
V450_Unter_Prishibee.txt|Жигин|137|142|||Жигин
V450_Unter_Prishibee.txt|Жигин|357|363|||Жигин
V450_Unter_Prishibee.txt|Урядник|2|10|||Урядник
V450_Unter_Prishibee.txt|Чего-с|2|8|||с
V450_Unter_Prishibee.txt|Пришибеев|0|9|Пришибеев||
V450_Unter_Prishibee.txt|Иван Прохоров|35|48|Иван||Прохоров
V450_Unter_Prishibee.txt|Савва Микифоров|51|66|Савва||Микифоров
V450_Unter_Prishibee.txt|Петр Петров|69|80|Петр||Петров
V450_Unter_Prishibee.txt|Солдатка Шустрова|83|100|||Шустрова
V450_Unter_Prishibee.txt|Семен Кислов|142|158|Семен||Кислов
V450_Unter_Prishibee.txt|Игнат Сверчок|161|174|Игнат||Сверчок
V450_Unter_Prishibee.txt|Мавр|210|215|Мавр||
V450_Unter_Prishibee.txt|Унтер Пришибеев|0|15|Пришибеев||Унтер
V451_Mertvoe_telo.txt|Сема|8|12|Сема||
V451_Mertvoe_telo.txt|Сема|70|74|Сема||
V451_Mertvoe_telo.txt|Чудной|2|8|||Чудной
V451_Mertvoe_telo.txt|Сема|206|210|Сема||
V451_Mertvoe_telo.txt|Сема|45|49|Сема||
V451_Mertvoe_telo.txt|Сема|9|13|Сема||
V451_Mertvoe_telo.txt|Феодосий|380|388|Феодосий||
V451_Mertvoe_telo.txt|Здоровое|2|9|||Здоровое
V451_Mertvoe_telo.txt|Ананов|182|189|Ананов||
V451_Mertvoe_telo.txt|Михайлу Поликарпыч|52|71|Михайлу||Поликарпыч
V451_Mertvoe_telo.txt|Ряска|0|5|||Ряска
V451_Mertvoe_telo.txt|Сема|88|92|Сема||
V452_ZHenskoe_schast.txt|Запупырин|28|38|Запупырин||
V452_ZHenskoe_schast.txt|Пробкин|236|243|||Пробкин
V452_ZHenskoe_schast.txt|Свистков|246|254|||Свистков
V452_ZHenskoe_schast.txt|Нельзя-с|2|10|||с
V452_ZHenskoe_schast.txt|Пробкина|5|13|||Пробкина
V452_ZHenskoe_schast.txt|Свистков|16|25|||Свистков
V452_ZHenskoe_schast.txt|Пробкин|21|28|||Пробкин
V452_ZHenskoe_schast.txt|Пробкин|84|92|||Пробкин
V452_ZHenskoe_schast.txt|Пробкин|38|45|||Пробкин
V452_ZHenskoe_schast.txt|Шипку|548|553|||Шипку
V452_ZHenskoe_schast.txt|Варенька|615|623|Варенька||
V452_ZHenskoe_schast.txt|Марья Фоминишна|836|851|Марья||Фоминишна
V452_ZHenskoe_schast.txt|Свистков|43|51|||Свистков
V452_ZHenskoe_schast.txt|Марья Фомишна|297|310|Марья||Фомишна
V452_ZHenskoe_schast.txt|Анна|525|529|Анна||
V452_ZHenskoe_schast.txt|Вера Никитишна|210|224|Вера||Никитишна
V452_ZHenskoe_schast.txt|Вера Никитишна|1016|1030|Вера||Никитишна
V452_ZHenskoe_schast.txt|Никитишны|110|119|Никитишны||
V452_ZHenskoe_schast.txt|Ба-альшие|820|829|||Ба
V453_Indeiskii_petuk.txt|Пелагея Петровна|59|75|Пелагея||Петровна
V453_Indeiskii_petuk.txt|Иванович Лохматов|133|152|||Лохматов
V453_Indeiskii_petuk.txt|Глашенька|245|254|Глашенька||
V453_Indeiskii_petuk.txt|Прасковьи Ивановнин|321|340|Прасковьи||Ивановнин
V453_Indeiskii_petuk.txt|Румелию|651|658|Румелию||
V453_Indeiskii_petuk.txt|Маркел Иваныч|37|50|Маркел||Иваныч
V453_Indeiskii_petuk.txt|Лохматов|42|50|||Лохматов
V453_Indeiskii_petuk.txt|Маркел Иванович|0|15|Маркел||Иванович
V453_Indeiskii_petuk.txt|Пелагея Петровна|6|22|Пелагея||Петровна
V453_Indeiskii_petuk.txt|Маркел Иванович|43|58|Маркел||Иванович
V453_Indeiskii_petuk.txt|Лохматов|69|77|||Лохматов
V453_Indeiskii_petuk.txt|Маркел Иванович|17|34|Маркел||Иванович
V453_Indeiskii_petuk.txt|Да-с|2|6|||с
V453_Indeiskii_petuk.txt|Маркел Иванович|161|176|Маркел||Иванович
V453_Indeiskii_petuk.txt|Лохматов|0|8|||Лохматов
V453_Indeiskii_petuk.txt|Лохматов|112|121|||Лохматов
V453_Indeiskii_petuk.txt|Фармацевт|0|9|||Фармацевт
V453_Indeiskii_petuk.txt|Маркел Иванович|0|15|Маркел||Иванович
V453_Indeiskii_petuk.txt|Пелагея Петровна|47|63|Пелагея||Петровна
V453_Indeiskii_petuk.txt|Маркел Иванович|26|41|Маркел||Иванович
V454_Nervy.txt|Дмитрий Осипович Ваксин|0|23|Дмитрий|Осипович|Ваксин
V454_Nervy.txt|Ваксина|191|198|Ваксина||
V454_Nervy.txt|Ваксин|217|223|Ваксин||
V454_Nervy.txt|Ваксин|614|620|Ваксин||
V454_Nervy.txt|Клавдий Миронович|729|747|Клавдий||Миронович
V454_Nervy.txt|Ваксин|61|67|Ваксин||
V454_Nervy.txt|Ваксин|18|24|Ваксин||
V454_Nervy.txt|Клавдий Мироныч|157|173|Клавдий||Мироныч
V454_Nervy.txt|Ваксин|78|85|Ваксин||
V454_Nervy.txt|Ваксин|76|82|Ваксин||
V454_Nervy.txt|Чик|2|5|Чик||
V454_Nervy.txt|Ваксин|167|174|Ваксин||
V454_Nervy.txt|Розалия Карловна|14|30|Розалия||Карловна
V454_Nervy.txt|Ваксин|47|53|Ваксин||
V454_Nervy.txt|Гаврила|81|88|Гаврила||
V454_Nervy.txt|Глафира|38|45|Глафира||
V454_Nervy.txt|Розалия Карловна|38|54|Розалия||Карловна
V454_Nervy.txt|Ваксин|84|90|Ваксин||
V454_Nervy.txt|Розалия Карловна|0|16|Розалия||Карловна
V454_Nervy.txt|Ваксин|38|44|Ваксин||
V454_Nervy.txt|Ваксина|349|356|Ваксина||
V454_Nervy.txt|Ваксин|0|6|Ваксин||
V454_Nervy.txt|Розалия Карловна|2|18|Розалия||Карловна
V454_Nervy.txt|Розалия Карловна|78|94|Розалия||Карловна
V454_Nervy.txt|Ваксин|0|6|Ваксин||
V454_Nervy.txt|Ваксин|357|363|Ваксин||
V454_Nervy.txt|Черт|2|6|||Черт
V454_Nervy.txt|Розалия Карловна|17|33|Розалия||Карловна
V454_Nervy.txt|Ваксин|23|29|Ваксин||
V454_Nervy.txt|Ваксин|192|198|Ваксин||
V454_Nervy.txt|Ваксин|21|27|Ваксин||
V454_Nervy.txt|Розалии Карловны|47|63|Розалии||Карловны
V454_Nervy.txt|Ваксин|24|31|Ваксин||
V454_Nervy.txt|Розалия Карловна|246|262|Розалия||Карловна
V456_Kukharka_zhenit.txt|Гриша|0|5|Гриша||
V456_Kukharka_zhenit.txt|Гришин|454|461|||Гришин
V456_Kukharka_zhenit.txt|Аксинья Степановна|536|554|Аксинья||Степановна
V456_Kukharka_zhenit.txt|Пелагея|651|658|Пелагея||
V456_Kukharka_zhenit.txt|Гриша|755|760|Гриша||
V456_Kukharka_zhenit.txt|Данило Семеныч|11|25|Данило||Семеныч
V456_Kukharka_zhenit.txt|Аксинья Степановна|68|86|Аксинья||Степановна
V456_Kukharka_zhenit.txt|Данило Семеныч|33|47|Данило||Семеныч
V456_Kukharka_zhenit.txt|Пелагею|401|408|Пелагею||
V456_Kukharka_zhenit.txt|Гриша|23|28|Гриша||
V456_Kukharka_zhenit.txt|Гриша|24|29|Гриша||
V456_Kukharka_zhenit.txt|Верочка|109|116|Верочка||
V456_Kukharka_zhenit.txt|Павля Андреич|122|136|||Павля
V456_Kukharka_zhenit.txt|Павля Андреич|152|166|||Павля
V456_Kukharka_zhenit.txt|Пелагея|392|399|Пелагея||
V456_Kukharka_zhenit.txt|Пелагея|27|34|Пелагея||
V456_Kukharka_zhenit.txt|Пелагея|46|53|Пелагея||
V456_Kukharka_zhenit.txt|Пелагея|37|44|Пелагея||
V456_Kukharka_zhenit.txt|Гриша|37|42|Гриша||
V456_Kukharka_zhenit.txt|Пелагея|34|41|Пелагея||
V456_Kukharka_zhenit.txt|Данила|11|17|Данила||
V456_Kukharka_zhenit.txt|Пелагею|51|58|Пелагею||
V456_Kukharka_zhenit.txt|Пелагея|17|24|Пелагея||
V456_Kukharka_zhenit.txt|Гриша|43|48|Гриша||
V456_Kukharka_zhenit.txt|Пелагея|112|119|Пелагея||
V456_Kukharka_zhenit.txt|Гриша|172|177|Гриша||
V456_Kukharka_zhenit.txt|Гриша|321|326|Гриша||
V456_Kukharka_zhenit.txt|Пелагея Черномором|350|368|Пелагея||Черномором
V456_Kukharka_zhenit.txt|Пелагея|253|260|Пелагея||
V456_Kukharka_zhenit.txt|Пелягея|35|42|Пелягея||
V456_Kukharka_zhenit.txt|Пелагея|59|66|Пелагея||
V456_Kukharka_zhenit.txt|Гриша|41|46|Гриша||
V456_Kukharka_zhenit.txt|Филька|185|191|||Филька
V456_Kukharka_zhenit.txt|Филька|201|207|||Филька
V456_Kukharka_zhenit.txt|Пелагея|350|357|Пелагея||
V456_Kukharka_zhenit.txt|Ну-с|2|6|||с
V456_Kukharka_zhenit.txt|Пелагея|0|7|Пелагея||
V456_Kukharka_zhenit.txt|Аксиньей|224|232|Аксиньей||
V456_Kukharka_zhenit.txt|Пелагея|235|242|Пелагея||
V456_Kukharka_zhenit.txt|Гриша|25|30|Гриша||
V456_Kukharka_zhenit.txt|Гриша|181|186|Гриша||
V456_Kukharka_zhenit.txt|Пелагея|202|209|Пелагея||
V456_Kukharka_zhenit.txt|Аксинья Степанна|77|93|Аксинья||Степанна
V456_Kukharka_zhenit.txt|Гриша|17|22|Гриша||
V456_Kukharka_zhenit.txt|Пелагея|30|37|Пелагея||
V456_Kukharka_zhenit.txt|Пелагее|395|402|Пелагее||
V457_Stena.txt|Маслов|67|73|||Маслов
V457_Stena.txt|Иван|115|119|Иван||
V457_Stena.txt|Букин|141|147|||Букин
V457_Stena.txt|Букин|37|42|||Букин
V457_Stena.txt|Иван|32|36|Иван||
V457_Stena.txt|Маслов|35|41|||Маслов
V457_Stena.txt|Маслов|19|25|||Маслов
V457_Stena.txt|Иван|28|32|Иван||
V457_Stena.txt|Букин|42|47|||Букин
V457_Stena.txt|Киршмахер|10|20|Киршмахер||
V457_Stena.txt|Букин|239|244|||Букин
V457_Stena.txt|Маслов|25|31|||Маслов
V457_Stena.txt|Маслов|60|66|||Маслов
V457_Stena.txt|Хапайте|2|9|||Хапайте
V457_Stena.txt|Маслов|55|61|||Маслов
V457_Stena.txt|Маслов|0|6|||Маслов
V457_Stena.txt|Букина|44|50|||Букина
V457_Stena.txt|Маслов|69|76|||Маслов
V457_Stena.txt|Букин|0|5|||Букин
V458_Posle_benefisa_.txt|Трагик Унылов|0|13|||Унылов
V458_Posle_benefisa_.txt|Тигры|33|39|||Тигры
V458_Posle_benefisa_.txt|Максим|29|35|Максим||
V458_Posle_benefisa_.txt|Васечка|9|16|||Васечка
V458_Posle_benefisa_.txt|Тигры|40|46|||Тигры
V458_Posle_benefisa_.txt|Максим|31|37|Максим||
V458_Posle_benefisa_.txt|Васечка|12|19|||Васечка
V458_Posle_benefisa_.txt|Унылов|0|6|||Унылов
V458_Posle_benefisa_.txt|Васечка|8|15|||Васечка
V458_Posle_benefisa_.txt|Васечка|7|14|||Васечка
V458_Posle_benefisa_.txt|Тигры|9|15|||Тигры
V458_Posle_benefisa_.txt|Унылов|34|40|||Унылов
V458_Posle_benefisa_.txt|Максим|131|137|Максим||
V458_Posle_benefisa_.txt|Максим|228|234|Максим||
V458_Posle_benefisa_.txt|Васечка|62|69|||Васечка
V458_Posle_benefisa_.txt|Тигры|90|96|||Тигры
V458_Posle_benefisa_.txt|Мерси|2|7|||Мерси
V458_Posle_benefisa_.txt|Васечка|9|16|||Васечка
V458_Posle_benefisa_.txt|Васечка|181|188|||Васечка
V458_Posle_benefisa_.txt|Унылов|34|40|||Унылов
V458_Posle_benefisa_.txt|Максим|101|107|Максим||
V458_Posle_benefisa_.txt|Чудаков|235|243|||Чудаков
V458_Posle_benefisa_.txt|Унылов|28|34|||Унылов
V458_Posle_benefisa_.txt|Унылов|90|96|||Унылов
V458_Posle_benefisa_.txt|Тигров|45|52|||Тигров
V458_Posle_benefisa_.txt|Васечка|2|9|||Васечка
V458_Posle_benefisa_.txt|Максим|373|379|Максим||
V458_Posle_benefisa_.txt|Унылов|47|53|||Унылов
V458_Posle_benefisa_.txt|Максим|250|256|Максим||
V458_Posle_benefisa_.txt|Дудкин|41|47|||Дудкин
V458_Posle_benefisa_.txt|Дудкин|30|36|||Дудкин
V458_Posle_benefisa_.txt|Унылов|18|24|||Унылов
V458_Posle_benefisa_.txt|Максим|30|36|Максим||
V458_Posle_benefisa_.txt|Унылов|40|46|||Унылов
V458_Posle_benefisa_.txt|Тигрову|57|64|||Тигрову
V459_K_svadebnomu_Se.txt|Иван Саввич|8|19|Иван||Саввич
V459_K_svadebnomu_Se.txt|Прудонов|0|8|Прудонов||
V459_K_svadebnomu_Se.txt|Гнусина|0|7|||Гнусина
V460_Zapiska.txt|Петр Нилыч|26|38|Петр||Нилыч
V460_Zapiska.txt|Вихоркиной|29|39|||Вихоркиной
V460_Zapiska.txt|Никандр|20|28|Никандр||
V460_Zapiska.txt|Куликов|26|34|||Куликов
V460_Zapiska.txt|Карп|10|14|Карп||
V461_Obschee_obrazov.txt|Осип Францыч|34|46|Осип||Францыч
V461_Obschee_obrazov.txt|Берки Швахера|547|560|||Берки
V461_Obschee_obrazov.txt|Осип Францыч|6|18|Осип||Францыч
V461_Obschee_obrazov.txt|Петр Ильич|95|105|Петр||Ильич
V461_Obschee_obrazov.txt|Петр Ильич|49|59|Петр||Ильич
V461_Obschee_obrazov.txt|Петр Ильич|28|38|Петр||Ильич
V461_Obschee_obrazov.txt|Петр Ильич|24|34|Петр||Ильич
V461_Obschee_obrazov.txt|Осип Францыч|19|31|Осип||Францыч
V461_Obschee_obrazov.txt|Зуб|2|5|||Зуб
V461_Obschee_obrazov.txt|Петр Ильич|0|10|Петр||Ильич
V461_Obschee_obrazov.txt|Осип Францыч|320|332|Осип||Францыч
V463_Mneniya_po_povo.txt|Извозчик|0|9|||Извозчик
V463_Mneniya_po_povo.txt|Штабс-капитанши Пыжиковой|0|25|||Штабс
V463_Mneniya_po_povo.txt|Бланш|9|14|Бланш||
V463_Mneniya_po_povo.txt|Анжелика|17|25|Анжелика||
V463_Mneniya_po_povo.txt|Иван Иванович Иванов|0|23|Иван|Иванович|Иванов
V463_Mneniya_po_povo.txt|Хе-хе-хе|9|17|||Хе
V463_Mneniya_po_povo.txt|Хе-хе|216|221|||Хе
V464_Dachniki.txt|Саша|14|18|Саша||
V464_Dachniki.txt|Саша|206|210|Саша||
V464_Dachniki.txt|Варя|75|79|Варя||
V464_Dachniki.txt|Цыпленок|24|32|||Цыпленок
V464_Dachniki.txt|Варя|24|28|Варя||
V464_Dachniki.txt|Саша|42|46|Саша||
V464_Dachniki.txt|Варя|87|91|Варя||
V464_Dachniki.txt|Варя|44|48|Варя||
V464_Dachniki.txt|Варя|51|55|Варя||
V464_Dachniki.txt|Сашину|70|76|||Сашину
V464_Dachniki.txt|Коля|140|144|Коля||
V464_Dachniki.txt|Костя|147|152|Костя||
V464_Dachniki.txt|Нина|155|159|Нина||
V464_Dachniki.txt|Сашу|191|195|Сашу||
V464_Dachniki.txt|Саши|94|98|Саши||
V464_Dachniki.txt|Саша|2|6|Саша||
V464_Dachniki.txt|Саша|116|120|Саша||
V465_Sredstvo_ot_zap.txt|Дикобразов|475|486|||Дикобразов
V465_Sredstvo_ot_zap.txt|Антрепренер Почечуев|551|571|||Почечуев
V465_Sredstvo_ot_zap.txt|Дикобразов|184|194|||Дикобразов
V465_Sredstvo_ot_zap.txt|Почечуев|22|30|||Почечуев
V465_Sredstvo_ot_zap.txt|Дикобразов|144|154|||Дикобразов
V465_Sredstvo_ot_zap.txt|Макар|153|159|Макар||
V465_Sredstvo_ot_zap.txt|Почечуев|0|8|||Почечуев
V465_Sredstvo_ot_zap.txt|Прокл Львович|8|21|Прокл||Львович
V465_Sredstvo_ot_zap.txt|Почечуев|0|8|||Почечуев
V465_Sredstvo_ot_zap.txt|Федор Гребешков|138|153|Федор||Гребешков
V465_Sredstvo_ot_zap.txt|Гребешков|448|458|||Гребешков
V465_Sredstvo_ot_zap.txt|Здорово|2|9|||Здорово
V465_Sredstvo_ot_zap.txt|Федя|12|16|Федя||
V465_Sredstvo_ot_zap.txt|Почечуев|38|46|||Почечуев
V465_Sredstvo_ot_zap.txt|Дикобразова|152|163|||Дикобразова
V465_Sredstvo_ot_zap.txt|Гребешков|30|39|||Гребешков
V465_Sredstvo_ot_zap.txt|Ни-ни|2|7|||Ни
V465_Sredstvo_ot_zap.txt|Гребешков|26|35|||Гребешков
V465_Sredstvo_ot_zap.txt|Дикобразов|53|64|||Дикобразов
V465_Sredstvo_ot_zap.txt|Дикобразов|169|179|||Дикобразов
V465_Sredstvo_ot_zap.txt|Комик|0|5|||Комик
V465_Sredstvo_ot_zap.txt|Гребешков|46|55|||Гребешков
V465_Sredstvo_ot_zap.txt|Комик|152|158|||Комик
V465_Sredstvo_ot_zap.txt|Гребешков|249|259|||Гребешков
V465_Sredstvo_ot_zap.txt|Дикобразов|20|31|||Дикобразов
V465_Sredstvo_ot_zap.txt|Гребешкова|308|318|||Гребешкова
V465_Sredstvo_ot_zap.txt|Гребешкова|73|83|||Гребешкова
V465_Sredstvo_ot_zap.txt|Почечуев|53|62|||Почечуев
V465_Sredstvo_ot_zap.txt|Прокл Львович|12|25|Прокл||Львович
V465_Sredstvo_ot_zap.txt|Почечуев|53|61|||Почечуев
V465_Sredstvo_ot_zap.txt|Прокл Львович|5|18|Прокл||Львович
V465_Sredstvo_ot_zap.txt|Федор|130|135|Федор||
V465_Sredstvo_ot_zap.txt|Что-о-о|162|169|||о
V465_Sredstvo_ot_zap.txt|Дикобразовым|0|12|||Дикобразовым
V465_Sredstvo_ot_zap.txt|Гребешков|167|176|||Гребешков
V465_Sredstvo_ot_zap.txt|Гребешков|485|495|||Гребешков
V465_Sredstvo_ot_zap.txt|Комик|0|5|||Комик
V465_Sredstvo_ot_zap.txt|Гребешков|23|32|||Гребешков
V465_Sredstvo_ot_zap.txt|Дикобразов|0|10|||Дикобразов
V465_Sredstvo_ot_zap.txt|Федор|31|36|Федор||
V465_Sredstvo_ot_zap.txt|Фениксова-Дикобразов|373|394|||Фениксова
V465_Sredstvo_ot_zap.txt|Ничего-с|2|10|||с
V465_Sredstvo_ot_zap.txt|Гребешков|89|98|||Гребешков
V465_Sredstvo_ot_zap.txt|Почечуева|43|52|||Почечуева
V465_Sredstvo_ot_zap.txt|Почечуев|29|37|||Почечуев
V465_Sredstvo_ot_zap.txt|Гребешков|40|49|||Гребешков
V465_Sredstvo_ot_zap.txt|Почечуев|55|63|||Почечуев
V465_Sredstvo_ot_zap.txt|Прокл Львович|19|32|Прокл||Львович
V465_Sredstvo_ot_zap.txt|Почечуев|60|68|||Почечуев
V465_Sredstvo_ot_zap.txt|Почечуев|36|44|||Почечуев
V465_Sredstvo_ot_zap.txt|Дикобразов|67|77|||Дикобразов
V465_Sredstvo_ot_zap.txt|Гребешков|155|164|||Гребешков
V465_Sredstvo_ot_zap.txt|Почечуев|29|37|||Почечуев
V465_Sredstvo_ot_zap.txt|Федька|141|147|Федька||
V466_Vizitnye_kartoc.txt|Клим Иванович Оболдеев|112|134|Клим|Иванович|Оболдеев
V466_Vizitnye_kartoc.txt|Жан|67|70|Жан||
V466_Vizitnye_kartoc.txt|Савватий Паникадилович Пищик-Заблудовский|2|43|Савватий|Паникадилович|Пищик
V466_Vizitnye_kartoc.txt|Франц Эмилиевич Антр-Ну-Суади|2|31|Франц|Эмилиевич|Антр
V466_Vizitnye_kartoc.txt|Валентин Сысоевич Бумажкин|36|62|Валентин|Сысоевич|Бумажкин
V466_Vizitnye_kartoc.txt|Эраст Кринолинович Стремглавов|67|97|Эраст|Кринолинович|Стремглавов
V466_Vizitnye_kartoc.txt|Агоп Минаевич Обшиавишили|7|32|Агоп|Минаевич|Обшиавишили
V466_Vizitnye_kartoc.txt|Митрофан Алексеевич Красных|12|39|Митрофан|Алексеевич|Красных
V466_Vizitnye_kartoc.txt|Никита Спевсипович Уехавший|79|103|Никита|Спевсипович|Уехавший
V466_Vizitnye_kartoc.txt|Петр Хлебонасущенский|115|136|Петр||Хлебонасущенский
V466_Vizitnye_kartoc.txt|Иван Иванович Дьяволов|167|189|Иван|Иванович|Дьяволов
V466_Vizitnye_kartoc.txt|Юдофоб Юдофобович Окрейци|216|241|Окрейци||Юдофобович
V467_Sonnaya_odur.txt|Зинка|120|125|Зинка||
V467_Sonnaya_odur.txt|Зина|359|363|Зина||
V467_Sonnaya_odur.txt|Колька|601|607|Колька||
V467_Sonnaya_odur.txt|Зина|35|39|Зина||
V467_Sonnaya_odur.txt|Ачкасова|52|60|||Ачкасова
V467_Sonnaya_odur.txt|Чикиной|78|85|||Чикиной
V467_Sonnaya_odur.txt|Надя|91|95|Надя||
V467_Sonnaya_odur.txt|Вася|108|112|Вася||
V467_Sonnaya_odur.txt|Надя|198|202|Надя||
V467_Sonnaya_odur.txt|Надя|592|596|Надя||
V467_Sonnaya_odur.txt|Вася|761|765|Вася||
V467_Sonnaya_odur.txt|Мишель|287|293|Мишель||
V467_Sonnaya_odur.txt|Коллежский асессор Черепков|2|29|||асессор
V467_Sonnaya_odur.txt|Наташа|310|316|Наташа||
V467_Sonnaya_odur.txt|Глаша|614|619|Глаша||
V467_Sonnaya_odur.txt|Глаша|656|661|Глаша||
V467_Sonnaya_odur.txt|Надя|229|233|Надя||
V467_Sonnaya_odur.txt|Глаша|286|291|Глаша||
V467_Sonnaya_odur.txt|Глаша|99|104|Глаша||
V467_Sonnaya_odur.txt|Глаша|91|96|Глаша||
V467_Sonnaya_odur.txt|Глаша|112|117|Глаша||
V467_Sonnaya_odur.txt|Глаше|101|106|Глаше||
V467_Sonnaya_odur.txt|Кузьмичова|139|149|||Кузьмичова
V469_Dorogaya_sobaka.txt|Поручик Дубов|0|13|||Поручик
V469_Dorogaya_sobaka.txt|Дубов|30|35|||Дубов
V469_Dorogaya_sobaka.txt|Кнапсу|48|54|Кнапсу||
V469_Dorogaya_sobaka.txt|Милку|67|72|Милку||
V469_Dorogaya_sobaka.txt|Милку|127|132|Милку||
V469_Dorogaya_sobaka.txt|Милка|199|204|Милка||
V469_Dorogaya_sobaka.txt|Милка|215|220|Милка||
V469_Dorogaya_sobaka.txt|Дубов|0|5|||Дубов
V469_Dorogaya_sobaka.txt|Милку|21|26|Милку||
V469_Dorogaya_sobaka.txt|Милок|82|87|Милок||
V469_Dorogaya_sobaka.txt|Милка|49|54|Милка||
V469_Dorogaya_sobaka.txt|Милка|2|7|Милка||
V469_Dorogaya_sobaka.txt|Михаил Иванович|12|27|Михаил||Иванович
V469_Dorogaya_sobaka.txt|Милок|27|32|Милок||
V469_Dorogaya_sobaka.txt|Дубов|0|5|||Дубов
V469_Dorogaya_sobaka.txt|Дубов|132|137|||Дубов
V469_Dorogaya_sobaka.txt|Вахромеев|17|28|||Вахромеев
V470_Kontrabas_i_fle.txt|Иван Матвеич|29|41|Иван||Матвеич
V470_Kontrabas_i_fle.txt|Иван Матвеич|0|12|Иван||Матвеич
V470_Kontrabas_i_fle.txt|Петр Петрович|340|357|Петр||Петрович
V470_Kontrabas_i_fle.txt|Иван Матвеич|30|42|Иван||Матвеич
V470_Kontrabas_i_fle.txt|Иван Матвеич|0|12|Иван||Матвеич
V470_Kontrabas_i_fle.txt|Петр Петрович|15|28|Петр||Петрович
V470_Kontrabas_i_fle.txt|Петр Петрович|116|129|Петр||Петрович
V470_Kontrabas_i_fle.txt|Иван|322|326|Иван||
V470_Kontrabas_i_fle.txt|Тургенев|1|10|||Тургенев
V470_Kontrabas_i_fle.txt|Лаврецкий|144|153|||Лаврецкий
V470_Kontrabas_i_fle.txt|Лиза|196|201|Лиза||
V470_Kontrabas_i_fle.txt|Флейта|0|6|||Флейта
V470_Kontrabas_i_fle.txt|Тургенев|103|111|||Тургенев
V470_Kontrabas_i_fle.txt|Тургенев|112|120|||Тургенев
V470_Kontrabas_i_fle.txt|Иван Матвеич|2|14|Иван||Матвеич
V470_Kontrabas_i_fle.txt|Иван Матвеич|138|150|Иван||Матвеич
V470_Kontrabas_i_fle.txt|Петр Петрович|313|326|Петр||Петрович
V470_Kontrabas_i_fle.txt|Соня|70|74|Соня||
V470_Kontrabas_i_fle.txt|Хо-хо-хо|152|160|||Хо
V470_Kontrabas_i_fle.txt|Голубчик|2|10|||Голубчик
V470_Kontrabas_i_fle.txt|Иван Матвеич|31|45|Иван||Матвеич
V470_Kontrabas_i_fle.txt|Иван Матвеич|20|32|Иван||Матвеич
V471_Rukovodstvo_dly.txt|Секретно|35|43|||Секретно
V471_Rukovodstvo_dly.txt|Холостому|283|292|||Холостому
V471_Rukovodstvo_dly.txt|Шмуль|103|108|Шмуль||
V472_Ninochka_(Roman.txt|Роман|9|14|Роман||
V472_Ninochka_(Roman.txt|Павел Сергеевич Вихленев|60|84|Павел|Сергеевич|Вихленев
V472_Ninochka_(Roman.txt|Вихленев|30|38|||Вихленев
V472_Ninochka_(Roman.txt|Ниночкой|17|25|Ниночкой||
V472_Ninochka_(Roman.txt|Ниночка|89|96|Ниночка||
V472_Ninochka_(Roman.txt|Вихленев|0|8|||Вихленев
V472_Ninochka_(Roman.txt|Ниночка|2|9|Ниночка||
V472_Ninochka_(Roman.txt|Ниночка|268|275|Ниночка||
V472_Ninochka_(Roman.txt|Ниночке|675|682|Ниночке||
V472_Ninochka_(Roman.txt|Ниночка|874|881|Ниночка||
V472_Ninochka_(Roman.txt|Отелло|884|890|Отелло||
V472_Ninochka_(Roman.txt|Катенька|952|960|Катенька||
V472_Ninochka_(Roman.txt|Катенька|1010|1018|Катенька||
V472_Ninochka_(Roman.txt|Катеньки|1174|1182|Катеньки||
V472_Ninochka_(Roman.txt|Ниночка|1220|1227|Ниночка||
V472_Ninochka_(Roman.txt|Катька|1404|1410|Катька||
V472_Ninochka_(Roman.txt|Ниночка|39|46|Ниночка||
V472_Ninochka_(Roman.txt|Катенька|120|128|Катенька||
V472_Ninochka_(Roman.txt|Ниночкой|39|47|Ниночкой||
V472_Ninochka_(Roman.txt|Вихленев|15|24|||Вихленев
V472_Ninochka_(Roman.txt|Ниночку|77|84|Ниночку||
V472_Ninochka_(Roman.txt|Вихленев|446|456|||Вихленев
V472_Ninochka_(Roman.txt|Ниночку|55|62|Ниночку||
V472_Ninochka_(Roman.txt|Катеньку|95|103|Катеньку||
V472_Ninochka_(Roman.txt|Катеньке|112|120|Катеньке||
V472_Ninochka_(Roman.txt|Вихленев|76|84|||Вихленев
V472_Ninochka_(Roman.txt|Вихленев|0|8|||Вихленев
V472_Ninochka_(Roman.txt|Ниночка|150|157|Ниночка||
V472_Ninochka_(Roman.txt|Вихленев|10|18|||Вихленев
V472_Ninochka_(Roman.txt|Вихленев|36|44|||Вихленев
V472_Ninochka_(Roman.txt|Вихленев|86|96|||Вихленев
V472_Ninochka_(Roman.txt|Вихленев|61|69|||Вихленев
V472_Ninochka_(Roman.txt|Ниночке|315|322|Ниночке||
V472_Ninochka_(Roman.txt|Ниночка|58|65|Ниночка||
V472_Ninochka_(Roman.txt|Вихленев|82|91|||Вихленев
V472_Ninochka_(Roman.txt|Вихленев|132|140|||Вихленев
V473_Pisma.txt|Р. Смирнов|0|10|Р||Смирнов
V473_Pisma.txt|Клим|310|315|Клим||
V473_Pisma.txt|С.|345|347|||С
V473_Pisma.txt|Зинаида|23|30|Зинаида||
V473_Pisma.txt|Кочкарев|10|18|Кочкарев||
V474_Vverkh_po_lestn.txt|Долбоносов|24|34|||Долбоносов
V474_Vverkh_po_lestn.txt|Щепоткин|208|217|||Щепоткин
V474_Vverkh_po_lestn.txt|Щепоткин|330|339|||Щепоткин
V474_Vverkh_po_lestn.txt|Долбоносов|50|60|||Долбоносов
V474_Vverkh_po_lestn.txt|Щепоткин|73|82|||Щепоткин
V474_Vverkh_po_lestn.txt|Долбоносов|44|54|||Долбоносов
V474_Vverkh_po_lestn.txt|Долбоносов|45|55|||Долбоносов
V474_Vverkh_po_lestn.txt|Щепоткин|37|45|||Щепоткин
V474_Vverkh_po_lestn.txt|Лодкин|87|94|||Лодкин
V474_Vverkh_po_lestn.txt|Лодкин|18|25|||Лодкин
V474_Vverkh_po_lestn.txt|Долбоносов|46|56|||Долбоносов
V474_Vverkh_po_lestn.txt|Иван Петрович|128|141|Иван||Петрович
V474_Vverkh_po_lestn.txt|Петр Иваныч|2|13|Петр||Иваныч
V474_Vverkh_po_lestn.txt|Петр Иваныч|11|22|Петр||Иваныч
V475_Taper.txt|Петр Рублев|187|198|Петр||Рублев
V475_Taper.txt|Петя|13|17|Петя||
V475_Taper.txt|Рублев|0|6|||Рублев
V475_Taper.txt|Рублев|26|33|||Рублев
V475_Taper.txt|Ну-с|227|231|||с
V475_Taper.txt|Рублев|34|41|||Рублев
V475_Taper.txt|Римский-Корсаковбарабанщик|583|609|||Римский
V475_Taper.txt|Эдип|1213|1217|Эдип||
V475_Taper.txt|Марфе Степановне|376|392|Марфе||Степановне
V475_Taper.txt|Рублеву|31|38|||Рублеву
V475_Taper.txt|Христос|77|84|||Христос
V475_Taper.txt|Рублев|23|29|||Рублев
V475_Taper.txt|Рублев|64|71|||Рублев
V475_Taper.txt|Петя|3|7|Петя||
V476_Pisatel.txt|Ершаков|48|56|Ершаков||
V476_Pisatel.txt|Ершаков|90|97|Ершаков||
V476_Pisatel.txt|А!.. Зовущий|2|11|||А
V476_Pisatel.txt|Ершаков|30|37|Ершаков||
V476_Pisatel.txt|Ершаков|0|7|Ершаков||
V476_Pisatel.txt|Захар Семеныч|13|26|Захар||Семеныч
V476_Pisatel.txt|Только-то|2|11|||то
V476_Pisatel.txt|Захар Семеныч|52|65|Захар||Семеныч
V476_Pisatel.txt|З. С. Ершаков|104|117|З|С|Ершаков
V476_Pisatel.txt|Захар Семеныч|360|373|Захар||Семеныч
V476_Pisatel.txt|Ершаков|34|41|Ершаков||
V476_Pisatel.txt|Понимаю-с|2|11|||с
V476_Pisatel.txt|Ну-с|24|28|||с
V476_Pisatel.txt|Игривого Весельчак|1186|1205|||Игривого
V476_Pisatel.txt|Ершаков|95|103|Ершаков||
V476_Pisatel.txt|Ершаков|50|57|Ершаков||
V476_Pisatel.txt|Захар Семеныч|19|32|Захар||Семеныч
V476_Pisatel.txt|Захар Семеныч|9|22|Захар||Семеныч
V476_Pisatel.txt|Захар Семеныч|229|242|Захар||Семеныч
V476_Pisatel.txt|Ершаков|9|16|Ершаков||
V477_Peresolil.txt|Глеб Гаврилович Смирнов|9|32|Глеб|Гаврилович|Смирнов
V477_Peresolil.txt|Землемер|0|8|||Землемер
V477_Peresolil.txt|Черт|2|6|||Черт
V477_Peresolil.txt|До-о-едем|2|11|||До
V477_Peresolil.txt|Клим|11|15|Клим||
V477_Peresolil.txt|Клим|7|11|Клим||
V477_Peresolil.txt|Клим|0|4|Клим||
V477_Peresolil.txt|Клим|12|16|Клим||
V477_Peresolil.txt|Землемер|0|8|||Землемер
V477_Peresolil.txt|Клим|120|124|Клим||
V477_Peresolil.txt|Клим|173|177|Клим||
V477_Peresolil.txt|Клим|180|184|Клим||
V477_Peresolil.txt|Клим|2|6|Клим||
V477_Peresolil.txt|Климушка|2|10|||Климушка
V477_Peresolil.txt|Голубчик|30|38|||Голубчик
V477_Peresolil.txt|Климушка|49|57|||Климушка
V477_Peresolil.txt|Клим|2|6|Клим||
V477_Peresolil.txt|Клим|34|38|Клим||
V477_Peresolil.txt|Клим|0|4|Клим||
V477_Peresolil.txt|Клим|45|49|Клим||
V477_Peresolil.txt|Клим|198|202|Клим||
V478_Bez_mesta.txt|Перепелкин|14|24|||Перепелкин
V478_Bez_mesta.txt|Иван Николаевич|13|28|Иван||Николаевич
V478_Bez_mesta.txt|Бабков|122|129|||Бабков
V478_Bez_mesta.txt|Бабков|30|37|||Бабков
V478_Bez_mesta.txt|Бабков|246|253|||Бабков
V478_Bez_mesta.txt|Бабков|550|557|||Бабков
V478_Bez_mesta.txt|Бабков|119|126|||Бабков
V478_Bez_mesta.txt|Халатов|51|59|||Халатов
V478_Bez_mesta.txt|Грызодубов|96|106|||Грызодубов
V478_Bez_mesta.txt|Грызодубов|789|800|||Грызодубов
V478_Bez_mesta.txt|Грызодубов|301|311|||Грызодубов
V478_Bez_mesta.txt|Грызодубов|366|376|||Грызодубов
V478_Bez_mesta.txt|Грызодубов|18|29|||Грызодубов
V479_Brak_cherez_101.txt|Балалайкин|118|128|||Балалайкин
V479_Brak_cherez_101.txt|Балалайкин|0|10|||Балалайкин
V479_Brak_cherez_101.txt|Балалайкин|28|38|||Балалайкин
V479_Brak_cherez_101.txt|Балалайкин|9|19|||Балалайкин
V479_Brak_cherez_101.txt|Балалайкин|0|10|||Балалайкин
V480_Starost.txt|Узелков|30|37|||Узелков
V480_Starost.txt|Узелков|583|590|||Узелков
V480_Starost.txt|Узелкова|4|12|||Узелкова
V480_Starost.txt|Узелкова|66|74|||Узелкова
V480_Starost.txt|Шапкин|110|116|||Шапкин
V480_Starost.txt|Иван Николаич|2|15|Иван||Николаич
V480_Starost.txt|Живы-с|2|8|||Живы
V480_Starost.txt|Шапкин|74|82|||Шапкин
V480_Starost.txt|Шапкина|162|169|||Шапкина
V480_Starost.txt|Шапкин|297|303|||Шапкин
V480_Starost.txt|Узелков|40|47|||Узелков
V480_Starost.txt|Узелков|76|83|||Узелков
V480_Starost.txt|Узелков|2|9|||Узелков
V480_Starost.txt|Узелков|18|25|||Узелков
V480_Starost.txt|Шапкин|0|6|||Шапкин
V480_Starost.txt|Шапкин|42|48|||Шапкин
V480_Starost.txt|Узелков|40|47|||Узелков
V480_Starost.txt|Шапкин|33|39|||Шапкин
V480_Starost.txt|Софья Михайловна|642|658|Софья||Михайловна
V480_Starost.txt|Маша|874|878|Маша||
V480_Starost.txt|Узелков|68|75|||Узелков
V480_Starost.txt|Шапкин|43|49|||Шапкин
V480_Starost.txt|Борис Петрович|250|264|Борис||Петрович
V480_Starost.txt|Софья Михайловна|38|54|Софья||Михайловна
V480_Starost.txt|Плохиссиме|25|35|Плохиссиме||
V480_Starost.txt|Софья Михайловна|108|124|Софья||Михайловна
V480_Starost.txt|Дал|2|5|||Дал
V480_Starost.txt|Узелков|32|39|||Узелков
V480_Starost.txt|Голубчик|2|10|||Голубчик
V480_Starost.txt|Софья|128|133|Софья||
V480_Starost.txt|Борис Петрович|37|51|Борис||Петрович
V480_Starost.txt|Узелков|41|48|||Узелков
V480_Starost.txt|Шапкин|51|57|||Шапкин
V480_Starost.txt|Узелков|39|46|||Узелков
V480_Starost.txt|Софья Михайловна|88|104|Софья||Михайловна
V480_Starost.txt|Шапкин|22|28|||Шапкин
V480_Starost.txt|Узелков|0|7|||Узелков
V480_Starost.txt|Шапкин|57|63|||Шапкин
V480_Starost.txt|Шапкин|32|38|||Шапкин
V480_Starost.txt|Борис Петрович|115|129|Борис||Петрович
V480_Starost.txt|Узелков|26|33|||Узелков
V480_Starost.txt|Шапкин|2|8|||Шапкин
V480_Starost.txt|Шапкин|238|244|||Шапкин
V480_Starost.txt|Узелков|249|256|||Узелков
V480_Starost.txt|Шапкин|94|100|||Шапкин
V480_Starost.txt|Узелков|28|35|||Узелков
V480_Starost.txt|Узелков|158|165|||Узелков
V480_Starost.txt|Шапкин|194|201|||Шапкин
V481_Gore.txt|Григорий Петров|7|22|Григорий||Петров
V481_Gore.txt|Григорий|333|341|Григорий||
V481_Gore.txt|Григорий|583|591|Григорий||
V481_Gore.txt|Матрена|6|13|Матрена||
V481_Gore.txt|Павел Иваныч|131|143|Павел||Иваныч
V481_Gore.txt|Павел Иваныч|281|293|Павел||Иваныч
V481_Gore.txt|Павел Иваныч|737|749|Павел||Иваныч
V481_Gore.txt|Павел Иваныч|307|319|Павел||Иваныч
V481_Gore.txt|Гришка|397|403|Гришка||
V481_Gore.txt|Павел Иваныч|653|665|Павел||Иваныч
V481_Gore.txt|Павел Иваныч|715|727|Павел||Иваныч
V481_Gore.txt|Павел Иваныч|919|931|Павел||Иваныч
V481_Gore.txt|Павел Иваныч|1095|1107|Павел||Иваныч
V481_Gore.txt|Матрена|1321|1328|Матрена||
V481_Gore.txt|Токарь|0|6|||Токарь
V481_Gore.txt|Павел Иваныч|600|612|Павел||Иваныч
V481_Gore.txt|Матрена|9|16|Матрена||
V481_Gore.txt|Павел Иваныч|50|62|Павел||Иваныч
V481_Gore.txt|Павел Иваныч|122|135|Павел||Иваныч
V481_Gore.txt|Токарь|0|6|||Токарь
V481_Gore.txt|Матрена|19|26|Матрена||
V481_Gore.txt|Павел Иваныч|11|23|Павел||Иваныч
V481_Gore.txt|Павел Иваныч|112|124|Павел||Иваныч
V482_Nu_publika.txt|Шабаш|2|7|||Шабаш
V482_Nu_publika.txt|Подтягин|61|69|||Подтягин
V482_Nu_publika.txt|Подтягин|31|39|||Подтягин
V482_Nu_publika.txt|Жилистый|0|8|||Жилистый
V482_Nu_publika.txt|Обер-кондуктор|49|63|||Обер
V482_Nu_publika.txt|Подтягин|59|68|||Подтягин
V482_Nu_publika.txt|Подтягин|0|8|||Подтягин
V482_Nu_publika.txt|Подтягин|37|45|||Подтягин
V482_Nu_publika.txt|Подтягин|38|46|||Подтягин
V482_Nu_publika.txt|Подтягин|0|8|||Подтягин
V482_Nu_publika.txt|Подтягин|90|98|||Подтягин
V482_Nu_publika.txt|Подтягин|32|40|||Подтягин
V482_Nu_publika.txt|Подтягин|235|243|||Подтягин
V482_Nu_publika.txt|Подтягин|51|60|||Подтягин
V482_Nu_publika.txt|Подтягин|0|8|||Подтягин
V482_Nu_publika.txt|Подтягин|70|78|||Подтягин
V482_Nu_publika.txt|Подтягин|56|65|||Подтягин
V482_Nu_publika.txt|Пузицкий|155|163|||Пузицкий
V482_Nu_publika.txt|Подтягин|49|57|||Подтягин
V482_Nu_publika.txt|Подтягин|0|8|||Подтягин
V482_Nu_publika.txt|Подтягин|0|8|||Подтягин
V483_Tryapka_(Scepka.txt|Пантелей Диомидыч Кокин|61|84|Пантелей|Диомидыч|Кокин
V483_Tryapka_(Scepka.txt|Блудыхин|127|136|||Блудыхин
V483_Tryapka_(Scepka.txt|Клавдию Васильевну|371|389|Клавдию||Васильевну
V483_Tryapka_(Scepka.txt|Клавдия Васильевна|0|18|Клавдия||Васильевна
V483_Tryapka_(Scepka.txt|Кишкину-Брандахлыцкую|97|118|||Кишкину
V483_Tryapka_(Scepka.txt|Клавдия Васильевна|313|331|Клавдия||Васильевна
V483_Tryapka_(Scepka.txt|Блудыхинский|23|36|||Блудыхинский
V483_Tryapka_(Scepka.txt|Кокин|0|5|||Кокин
V483_Tryapka_(Scepka.txt|Кокин|50|55|||Кокин
V483_Tryapka_(Scepka.txt|Кокин|46|51|||Кокин
V483_Tryapka_(Scepka.txt|Кокин|0|5|||Кокин
V483_Tryapka_(Scepka.txt|Клавдия Васильевна|323|341|Клавдия||Васильевна
V483_Tryapka_(Scepka.txt|Что-с|2|7|||с
V483_Tryapka_(Scepka.txt|Г-н Блудыхин|2|14|||Блудыхин
V483_Tryapka_(Scepka.txt|Андрей|109|115|Андрей||
V483_Tryapka_(Scepka.txt|Кокин|0|5|||Кокин
V483_Tryapka_(Scepka.txt|Кокин|0|5|||Кокин
V483_Tryapka_(Scepka.txt|Блудыхин|73|81|||Блудыхин
V483_Tryapka_(Scepka.txt|Блудыхин|138|148|||Блудыхин
V483_Tryapka_(Scepka.txt|Клавдия Васильевна|352|370|Клавдия||Васильевна
V483_Tryapka_(Scepka.txt|Кокин|58|63|||Кокин
V483_Tryapka_(Scepka.txt|Клавдия|136|143|Клавдия||
V483_Tryapka_(Scepka.txt|Кокин|25|30|||Кокин
V483_Tryapka_(Scepka.txt|Кокин|19|24|||Кокин
V483_Tryapka_(Scepka.txt|Рожкиной|82|90|Рожкиной||
V483_Tryapka_(Scepka.txt|Блудыхин|80|89|||Блудыхин
V483_Tryapka_(Scepka.txt|Кокин|67|72|||Кокин
V483_Tryapka_(Scepka.txt|Клавдия Васильевна|164|182|Клавдия||Васильевна
V483_Tryapka_(Scepka.txt|Блудыхин|254|264|||Блудыхин
V483_Tryapka_(Scepka.txt|Кокин|0|5|||Кокин
V483_Tryapka_(Scepka.txt|Блудыхин|20|28|||Блудыхин
V483_Tryapka_(Scepka.txt|Кокин|51|56|||Кокин
V483_Tryapka_(Scepka.txt|Виноват-с|2|11|||с
V483_Tryapka_(Scepka.txt|Анисим Иваныч|40|53|Анисим||Иваныч
V483_Tryapka_(Scepka.txt|Блудыхин|48|56|||Блудыхин
V483_Tryapka_(Scepka.txt|Кокин|38|43|||Кокин
V483_Tryapka_(Scepka.txt|Кокин|323|328|||Кокин
V483_Tryapka_(Scepka.txt|Блудыхин|28|37|||Блудыхин
V483_Tryapka_(Scepka.txt|Кокин|76|82|||Кокин
V483_Tryapka_(Scepka.txt|Блудыхин|263|271|||Блудыхин
V483_Tryapka_(Scepka.txt|Блудыхин|0|8|||Блудыхин
V483_Tryapka_(Scepka.txt|Анисим Иваныч|2|15|Анисим||Иваныч
V483_Tryapka_(Scepka.txt|Блудыхин|0|8|||Блудыхин
V483_Tryapka_(Scepka.txt|Кокин|33|39|||Кокин
V483_Tryapka_(Scepka.txt|Блудыхин|2|10|||Блудыхин
V484_Moya_beseda_s_E.txt|Эдисон|13|21|||Эдисон
V484_Moya_beseda_s_E.txt|Томас Эдисон|8|22|Томас||Эдисон
V484_Moya_beseda_s_E.txt|Эдисону|34|41|||Эдисону
V484_Moya_beseda_s_E.txt|Томас Иваныч|20|32|Томас||Иваныч
V484_Moya_beseda_s_E.txt|понравилисьЭдисону|66|84|понравилисьЭдисону||
V485_KHudozhestvo.txt|Сережка|103|110|Сережка||
V485_KHudozhestvo.txt|Матвей|130|136|Матвей||
V485_KHudozhestvo.txt|Матвей|369|375|Матвей||
V485_KHudozhestvo.txt|Сережка|77|84|Сережка||
V485_KHudozhestvo.txt|Матвей|120|126|Матвей||
V485_KHudozhestvo.txt|Матвей|41|47|Матвей||
V485_KHudozhestvo.txt|Матвей|0|6|Матвей||
V485_KHudozhestvo.txt|Сережка|20|27|Сережка||
V485_KHudozhestvo.txt|Э-э-э|2|7|||Э
V485_KHudozhestvo.txt|Сережка|0|7|Сережка||
V485_KHudozhestvo.txt|Матвей|32|38|Матвей||
V485_KHudozhestvo.txt|Сережка|35|42|Сережка||
V485_KHudozhestvo.txt|Матвей|184|190|Матвей||
V485_KHudozhestvo.txt|Сережка|268|275|Сережка||
V485_KHudozhestvo.txt|Матвей|0|6|Матвей||
V485_KHudozhestvo.txt|Матвей|0|6|Матвей||
V485_KHudozhestvo.txt|Сережки|161|168|Сережки||
V485_KHudozhestvo.txt|Матвей|261|267|Матвей||
V485_KHudozhestvo.txt|Наконец Сережка|0|15|Сережка||Наконец
V485_KHudozhestvo.txt|Матвей|39|45|Матвей||
V485_KHudozhestvo.txt|Матвей|0|6|Матвей||
V485_KHudozhestvo.txt|Сережка|0|7|Сережка||
V485_KHudozhestvo.txt|Степка Гульков|143|157|Степка||Гульков
V485_KHudozhestvo.txt|Матвей|0|6|Матвей||
V485_KHudozhestvo.txt|Сережка|51|58|Сережка||
V485_KHudozhestvo.txt|Сережка|42|49|Сережка||
V485_KHudozhestvo.txt|Матвей|0|6|Матвей||
V485_KHudozhestvo.txt|Сережка|197|204|Сережка||
V485_KHudozhestvo.txt|Матвей|0|6|Матвей||
V485_KHudozhestvo.txt|Сережка|89|96|Сережка||
V485_KHudozhestvo.txt|Сережка|60|67|Сережка||
V485_KHudozhestvo.txt|Матвей|101|108|Матвей||
V485_KHudozhestvo.txt|Матвей|208|214|Матвей||
V485_KHudozhestvo.txt|Матвей|294|300|Матвей||
V485_KHudozhestvo.txt|Сережка|303|310|Сережка||
V485_KHudozhestvo.txt|Сережка|349|356|Сережка||
V485_KHudozhestvo.txt|Матвей|0|6|Матвей||
V485_KHudozhestvo.txt|Сережка|37|44|Сережка||
V485_KHudozhestvo.txt|Матвей|0|6|Матвей||
V485_KHudozhestvo.txt|Сережка|13|20|Сережка||
V485_KHudozhestvo.txt|Матвей|263|269|Матвей||
V485_KHudozhestvo.txt|Сергей Никитич|286|303|Сергей||Никитич
V485_KHudozhestvo.txt|Сережка|417|424|Сережка||
V485_KHudozhestvo.txt|Матвей|393|399|Матвей||
V485_KHudozhestvo.txt|Сережка|2|9|Сережка||
V486_Strazha_pod_str.txt|Алексей Тимофеевич Балбинский|419|448|Алексей|Тимофеевич|Балбинский
V486_Strazha_pod_str.txt|Настасья Львовна|796|812|Настасья||Львовна
V486_Strazha_pod_str.txt|Балбинский|0|10|||Балбинский
V486_Strazha_pod_str.txt|Балбинский|0|10|||Балбинский
V486_Strazha_pod_str.txt|Фляжкин|51|58|||Фляжкин
V486_Strazha_pod_str.txt|Балбинский|0|10|||Балбинский
V486_Strazha_pod_str.txt|Фляжкин|48|55|||Фляжкин
V486_Strazha_pod_str.txt|Балбинского|114|125|||Балбинского
V486_Strazha_pod_str.txt|Иван Никитич|132|144|Иван||Никитич
V486_Strazha_pod_str.txt|Фляжкин|50|59|||Фляжкин
V486_Strazha_pod_str.txt|Фляжкин|64|72|||Фляжкин
V486_Strazha_pod_str.txt|Иван Никитич|12|24|Иван||Никитич
V486_Strazha_pod_str.txt|Фляжкин|33|40|||Фляжкин
V486_Strazha_pod_str.txt|Фляжкин|63|71|||Фляжкин
V486_Strazha_pod_str.txt|Фляжкиным|27|36|||Фляжкиным
V486_Strazha_pod_str.txt|Фляжкин|27|34|||Фляжкин
V487_Svyataya_prosto.txt|Савва Жезлов|7|20|Савва||Жезлов
V487_Svyataya_prosto.txt|Александр|128|137|Александр||
V487_Svyataya_prosto.txt|Савва|5|10|Савва||
V487_Svyataya_prosto.txt|Савва|41|46|Савва||
V487_Svyataya_prosto.txt|Савва|50|55|Савва||
V487_Svyataya_prosto.txt|Савва|5|10|Савва||
V487_Svyataya_prosto.txt|Гм|2|4|||Гм
V487_Svyataya_prosto.txt|Савва|49|54|Савва||
V487_Svyataya_prosto.txt|Хо-хо-хо|129|137|||Хо
V487_Svyataya_prosto.txt|Сашенька|14|22|Сашенька||
V487_Svyataya_prosto.txt|Хо-хо-хо|2|10|||Хо
V487_Svyataya_prosto.txt|Савва|41|46|Савва||
V487_Svyataya_prosto.txt|Хо-хо-хо|2|10|||Хо
V487_Svyataya_prosto.txt|Савва|35|40|Савва||
V487_Svyataya_prosto.txt|Видала|12|18|||Видала
V487_Svyataya_prosto.txt|Хо-хо-хо|225|233|||Хо
V487_Svyataya_prosto.txt|Савва|39|44|Савва||
V487_Svyataya_prosto.txt|Савва|247|252|Савва||
V487_Svyataya_prosto.txt|Савва|36|41|Савва||
V487_Svyataya_prosto.txt|Так-с|2|7|||с
V487_Svyataya_prosto.txt|Во-семь|2|9|||Во
V487_Svyataya_prosto.txt|Савва|49|54|Савва||
V487_Svyataya_prosto.txt|Айда|42|46|Айда||
V487_Svyataya_prosto.txt|Савва|146|151|Савва||
V487_Svyataya_prosto.txt|Савва|0|5|Савва||
V487_Svyataya_prosto.txt|Савва|5|10|Савва||
V487_Svyataya_prosto.txt|Вареньке|81|89|Вареньке||
V487_Svyataya_prosto.txt|Зинаиде|126|133|Зинаиде||
V487_Svyataya_prosto.txt|Гм|2|4|||Гм
V487_Svyataya_prosto.txt|Савва|37|42|Савва||
V487_Svyataya_prosto.txt|Савва|5|10|Савва||
V488_SHilo_v_meshke.txt|Петр Павлович Посудин|84|105|Петр|Павлович|Посудин
V488_SHilo_v_meshke.txt|Посудин|22|29|||Посудин
V488_SHilo_v_meshke.txt|Посудина|4|12|||Посудина
V488_SHilo_v_meshke.txt|Посудина|56|64|||Посудина
V488_SHilo_v_meshke.txt|Хохрюкова|72|81|||Хохрюкова
V488_SHilo_v_meshke.txt|Хохрюков|133|142|||Хохрюков
V488_SHilo_v_meshke.txt|Посудин|207|214|||Посудин
V488_SHilo_v_meshke.txt|Хохрюков|227|235|||Хохрюков
V488_SHilo_v_meshke.txt|Посудина|279|287|||Посудина
V488_SHilo_v_meshke.txt|Посудин|56|63|||Посудин
V488_SHilo_v_meshke.txt|Посудин|28|35|||Посудин
V488_SHilo_v_meshke.txt|Посудин|31|38|||Посудин
V488_SHilo_v_meshke.txt|Настасья Ивановна|199|216|Настасья||Ивановна
V488_SHilo_v_meshke.txt|Людмила Семеновна|16|33|Людмила||Семеновна
V488_SHilo_v_meshke.txt|Настасья|69|77|Настасья||
V488_SHilo_v_meshke.txt|Посудин|33|40|||Посудин
V488_SHilo_v_meshke.txt|Настасья|140|148|Настасья||
V488_SHilo_v_meshke.txt|Посудин|271|278|||Посудин
V488_SHilo_v_meshke.txt|Хохрюков|33|41|||Хохрюков
V488_SHilo_v_meshke.txt|Хохрюков|148|156|||Хохрюков
V488_SHilo_v_meshke.txt|Посудина|161|169|||Посудина
V488_SHilo_v_meshke.txt|Посудин|234|241|||Посудин
V488_SHilo_v_meshke.txt|Посудин|150|157|||Посудин
V488_SHilo_v_meshke.txt|Посудин|29|36|||Посудин
V488_SHilo_v_meshke.txt|Посудина|908|916|||Посудина
V488_SHilo_v_meshke.txt|Посудин|21|28|||Посудин
V489_Mari_d_elle.txt|Наталья Андреевна Бронина|40|65|Наталья|Андреевна|Бронина
V489_Mari_d_elle.txt|Никиткина|76|85|||Никиткина
V489_Mari_d_elle.txt|Денис Петрович Никиткин|157|180|Денис|Петрович|Никиткин
V489_Mari_d_elle.txt|Натали|57|63|Натали||
V489_Mari_d_elle.txt|Загвоздкин|57|68|||Загвоздкин
V489_Mari_d_elle.txt|Загвоздкин|732|743|||Загвоздкин
V489_Mari_d_elle.txt|Никиткин|53|61|||Никиткин
V489_Mari_d_elle.txt|Гм|2|4|||Гм
V489_Mari_d_elle.txt|Никиткин|0|8|||Никиткин
V489_Mari_d_elle.txt|Ставши|401|407|||Ставши
V489_Mari_d_elle.txt|Натали|984|990|Натали||
V489_Mari_d_elle.txt|Наташа|998|1004|Наташа||
V489_Mari_d_elle.txt|Бронина|0|7|Бронина||
V489_Mari_d_elle.txt|Никиткин|0|8|||Никиткин
V489_Mari_d_elle.txt|Никиткин|27|35|||Никиткин
V489_Mari_d_elle.txt|Вот-с|2|7|||с
V490_Antreprener_pod.txt|Клавдия Матвеевна Дольская-Каучукова|32|68|Клавдия|Матвеевна|Дольская
V490_Antreprener_pod.txt|Индюков|101|109|||Индюков
V490_Antreprener_pod.txt|Индюков|35|42|||Индюков
V490_Antreprener_pod.txt|Глашенька|220|229|Глашенька||
V490_Antreprener_pod.txt|Прындин|232|239|Прындин||
V490_Antreprener_pod.txt|Глашеньки|307|316|Глашеньки||
V490_Antreprener_pod.txt|Тсс|2|5|||Тсс
V490_Antreprener_pod.txt|Тссс|2|6|||Тссс
V490_Antreprener_pod.txt|Индюков|69|76|||Индюков
V490_Antreprener_pod.txt|Индюков|0|7|||Индюков
V490_Antreprener_pod.txt|Дольская-Каучукова|56|74|||Дольская
V490_Antreprener_pod.txt|Кузьма Алексеич|32|47|Кузьма||Алексеич
V490_Antreprener_pod.txt|Индюков|195|203|||Индюков
V490_Antreprener_pod.txt|Прындин|125|132|Прындин||
V490_Antreprener_pod.txt|Прындин|210|218|Прындин||
V490_Antreprener_pod.txt|Дольская-Каучукова|57|75|||Дольская
V490_Antreprener_pod.txt|Прындин|60|67|Прындин||
V490_Antreprener_pod.txt|Прындин|159|166|Прындин||
V490_Antreprener_pod.txt|Прындин|177|184|Прындин||
V490_Antreprener_pod.txt|Прындина|277|285|Прындина||
V490_Antreprener_pod.txt|Прындин|17|24|Прындин||
V490_Antreprener_pod.txt|Прындин|133|140|Прындин||
V491_Vosklicatelnyi_.txt|Ефим Фомич Перекладин|21|42|Ефим|Фомич|Перекладин
V491_Vosklicatelnyi_.txt|Ефим Фомич|29|39|Ефим||Фомич
V491_Vosklicatelnyi_.txt|Привык-с|2|10|||с
V491_Vosklicatelnyi_.txt|Гм|2|4|||Гм
V491_Vosklicatelnyi_.txt|Иванов|260|267|Иванов||
V491_Vosklicatelnyi_.txt|Милостивый|56|66|||Милостивый
V491_Vosklicatelnyi_.txt|Гм|60|62|||Гм
V491_Vosklicatelnyi_.txt|Станислав|272|282|Станислав||
V491_Vosklicatelnyi_.txt|Ефим Перекладин|22|37|Ефим||Перекладин
V492_Zerkalo.txt|Нелли|21|26|Нелли||
V492_Zerkalo.txt|Нелли|42|47|Нелли||
V492_Zerkalo.txt|Нелли|360|365|Нелли||
V492_Zerkalo.txt|Нелли|824|829|Нелли||
V492_Zerkalo.txt|Нелли|54|59|Нелли||
V492_Zerkalo.txt|Степан Лукич|117|131|Степан||Лукич
V492_Zerkalo.txt|Нелли|35|40|Нелли||
V492_Zerkalo.txt|Нелли|34|39|Нелли||
V492_Zerkalo.txt|Спят-с|2|8|||с
V492_Zerkalo.txt|Нелли|3|8|Нелли||
V492_Zerkalo.txt|Степан Лукич|214|226|Степан||Лукич
V492_Zerkalo.txt|Нелли|346|351|Нелли||
V492_Zerkalo.txt|Степан Лукич|0|12|Степан||Лукич
V492_Zerkalo.txt|Нелли|26|31|Нелли||
V492_Zerkalo.txt|Поедемте|2|10|||Поедемте
V492_Zerkalo.txt|Нелли|22|27|Нелли||
V492_Zerkalo.txt|Нелли|29|34|Нелли||
V492_Zerkalo.txt|Нелли|23|28|Нелли||
V492_Zerkalo.txt|Нелли|46|51|Нелли||
V492_Zerkalo.txt|Нелли|0|5|Нелли||
V492_Zerkalo.txt|Степан Лукич|53|67|Степан||Лукич
V492_Zerkalo.txt|Степан Лукич|198|210|Степан||Лукич
V492_Zerkalo.txt|Черт|2|6|||Черт
V492_Zerkalo.txt|Нелли|0|5|Нелли||
V492_Zerkalo.txt|Нелли|214|219|Нелли||
V492_Zerkalo.txt|Нелли|33|38|Нелли||
V492_Zerkalo.txt|Нелли|54|59|Нелли||
V492_Zerkalo.txt|Нелли|188|193|Нелли||
V492_Zerkalo.txt|Кучер|405|410|||Кучер
V492_Zerkalo.txt|Нелли|23|28|Нелли||
V492_Zerkalo.txt|Нелли|54|59|Нелли||
V492_Zerkalo.txt|Степан Лукич|38|52|Степан||Лукич
V492_Zerkalo.txt|Нелли|33|38|Нелли||
V492_Zerkalo.txt|Степан Лукич|36|48|Степан||Лукич
V492_Zerkalo.txt|Власов|24|30|Власов||
V492_Zerkalo.txt|Нелли|2|7|Нелли||
V492_Zerkalo.txt|Нелли|164|169|Нелли||
V492_Zerkalo.txt|Нелли|21|26|Нелли||
V493_Moi_zheny_(Pism.txt|Рауль Синяя Бороды|30|48|Рауль||Синяя
V493_Moi_zheny_(Pism.txt|Милостивый|0|10|||Милостивый
V493_Moi_zheny_(Pism.txt|Лодию|83|88|Лодию||
V493_Moi_zheny_(Pism.txt|Адамов|286|293|Адамов||
V493_Moi_zheny_(Pism.txt|Раул Синяя Борода|548|566|Раул||Синяя
V493_Moi_zheny_(Pism.txt|смешивалаПушкинасПугачевым|130|156|||смешивалаПушкинасПугачевым
V493_Moi_zheny_(Pism.txt|Бобеша|994|1000|Бобеша||
V493_Moi_zheny_(Pism.txt|Рауль|1127|1132|Рауль||
V493_Moi_zheny_(Pism.txt|Рауль|329|334|Рауль||
V493_Moi_zheny_(Pism.txt|Поль|354|358|Поль||
V493_Moi_zheny_(Pism.txt|Поль|362|366|Поль||
V493_Moi_zheny_(Pism.txt|Боклей|447|453|Боклей||
V493_Moi_zheny_(Pism.txt|Миллейи|456|463|Миллейи||
V493_Moi_zheny_(Pism.txt|Рауль Синяя Борода|0|18|Рауль||Синяя
V493_Moi_zheny_(Pism.txt|А. Чехонте|34|44|А||Чехонте
V494_Noch_na_kladbis.txt|Иван Иваныч|14|25|Иван||Иваныч
V494_Noch_na_kladbis.txt|Иван Иваныч|0|11|Иван||Иваныч
V494_Noch_na_kladbis.txt|Иван Иванович|236|253|Иван||Иванович
V494_Noch_na_kladbis.txt|Мещанской|8|17|||Мещанской
V494_Noch_na_kladbis.txt|Иван Иваныч|0|11|Иван||Иваныч
V494_Noch_na_kladbis.txt|Иван Иваныч|0|11|Иван||Иваныч
V494_Noch_na_kladbis.txt|Белобрысов|25|36|Белобрысов||
V495_Konkurs.txt|Икс|455|459|Икс||
V495_Konkurs.txt|Зет|462|466|||Зет
V496_Neudacha.txt|Илья Сергеич Пеплов|0|19|Илья|Сергеич|Пеплов
V496_Neudacha.txt|Клеопатра Петровна|31|49|Клеопатра||Петровна
V496_Neudacha.txt|Наташенька|182|192|Наташенька||
V496_Neudacha.txt|Клюющий|2|7|||Клюющий
V496_Neudacha.txt|Пеплов|19|25|||Пеплов
V496_Neudacha.txt|Щупкин|35|41|||Щупкин
V496_Neudacha.txt|То Некрасов|2|13|||То
V496_Neudacha.txt|Щупкин|0|6|||Щупкин
V496_Neudacha.txt|Пеплов|30|36|||Пеплов
V496_Neudacha.txt|Пеплов|24|30|||Пеплов
V496_Neudacha.txt|Щупкин|162|169|||Щупкин
V496_Neudacha.txt|Щупкин|0|6|||Щупкин
V496_Neudacha.txt|Наташенька|63|73|Наташенька||
V496_Neudacha.txt|Тумба|2|7|||Тумба
V496_Neudacha.txt|Пеплов|163|169|||Пеплов
V496_Neudacha.txt|Клеопатра Петровна|184|202|Клеопатра||Петровна
V498_Intelligentnoe_.txt|Архип Елисеич Помоев|0|20|Архип|Елисеич|Помоев
V498_Intelligentnoe_.txt|Григорий Власов|209|225|Григорий||Власов
V498_Intelligentnoe_.txt|П. Шестикрылов|244|258|П||Шестикрылов
V498_Intelligentnoe_.txt|Петр Сергеич-с|26|42|Петр||Сергеич
V498_Intelligentnoe_.txt|Петр Сергеич|11|25|Петр||Сергеич
V498_Intelligentnoe_.txt|Петр Сергеич|49|61|Петр||Сергеич
V498_Intelligentnoe_.txt|Наталья Егоровна|145|161|Наталья||Егоровна
V498_Intelligentnoe_.txt|Ниткин|72|78|||Ниткин
V498_Intelligentnoe_.txt|Посмотри-кася|2|15|кася||
V498_Intelligentnoe_.txt|Петька Шестикрылов|35|53|Петька||Шестикрылов
V498_Intelligentnoe_.txt|Ниткина|84|91|||Ниткина
V498_Intelligentnoe_.txt|Ниткин|40|46|||Ниткин
V498_Intelligentnoe_.txt|Гришку|93|99|Гришку||
V498_Intelligentnoe_.txt|Петька|215|221|Петька||
V498_Intelligentnoe_.txt|Ваня|64|68|Ваня||
V498_Intelligentnoe_.txt|Шестикрылов|41|53|||Шестикрылов
V498_Intelligentnoe_.txt|Петюха|11|17|||Петюха
V498_Intelligentnoe_.txt|Важности-то|2|13|||то
V498_Intelligentnoe_.txt|Ниткин|53|60|||Ниткин
V498_Intelligentnoe_.txt|Григорий Власов|2|17|Григорий||Власов
V498_Intelligentnoe_.txt|Григорий Власов|124|140|Григорий||Власов
V498_Intelligentnoe_.txt|Власов|66|72|Власов||
V498_Intelligentnoe_.txt|Подай|538|543|||Подай
V498_Intelligentnoe_.txt|Хорошо-с|609|617|||Хорошо
V498_Intelligentnoe_.txt|Архип Елисеич|735|748|Архип||Елисеич
V498_Intelligentnoe_.txt|Гришка|49|55|Гришка||
V498_Intelligentnoe_.txt|Гришку|113|119|Гришку||
V498_Intelligentnoe_.txt|Гришку|2|8|Гришку||
V498_Intelligentnoe_.txt|Гришка|86|92|Гришка||
V498_Intelligentnoe_.txt|Гришка|52|58|Гришка||
V498_Intelligentnoe_.txt|Петя|468|472|Петя||
V498_Intelligentnoe_.txt|Шестикрылов|2|13|||Шестикрылов
V498_Intelligentnoe_.txt|Шестикрылов|0|11|||Шестикрылов
V498_Intelligentnoe_.txt|Гришка|109|115|Гришка||
V498_Intelligentnoe_.txt|Шестикрылов|27|38|||Шестикрылов
V498_Intelligentnoe_.txt|Гришке|172|178|Гришке||
V498_Intelligentnoe_.txt|Я Гришке|2|10|Гришке||
V498_Intelligentnoe_.txt|Шестикрылов|57|68|||Шестикрылов
V498_Intelligentnoe_.txt|Гришек|201|207|Гришек||
V498_Intelligentnoe_.txt|Наташа|287|293|Наташа||
V498_Intelligentnoe_.txt|Гришке|50|56|Гришке||
V498_Intelligentnoe_.txt|Ниткин|10|16|||Ниткин
V498_Intelligentnoe_.txt|Помоеву|37|44|Помоеву||
V498_Intelligentnoe_.txt|Петька|30|36|Петька||
V498_Intelligentnoe_.txt|Ниткин|71|79|||Ниткин
